"id","name","description","avatar","url","isArchived","isBlogger","subscribers","er","malePercent","views","cpv","postPrice","categoryId","lastUpdateDateTime"
cl8powt1d0014bqe5k2u32ir1,Edu.uz â€” DTM.uz â€” Abituriyentlar.uz â€” Oliygoh.uz â€” Abt.uz â€” TaÊ¼lim kanallar â€” Xushnudbek.uz â€” xabar,- Ta'limga oid eng tezkor xabar va yangiliklar!ğŸ“© @DTMreklamaUshbu kanalda abituriyentlar uchun edu.uz dtm.uz xushnudbek.uz kabi taÊ¼limga oid rasmiy manbalardagi xabarlar sodda tilda yoritiladi.,//static10.tgstat.ru/channels/_0/8a/8af36f65589b23173d30b473709b7b81.jpg,https://t.me/eduuz_DTMuzb_abituriyent_oliygoh,true,true,651404,6,0,41042,0,0.0,"3",2022-11-12 19:23:58.182
cl8powt3u0056bqe54nr49eks,VideoUZ ğŸ¥,"","",https://t.me/ZurTV,true,true,511270,0,0,0,0,2240.0,"",2022-11-12 19:23:58.182
cl8powt4r0094bqe5ed309h9d,Shopirlar ğŸš—ğŸš˜,"â­ Ğ¤Ğ°Ò›Ğ°Ñ‚ ÑĞ½Ğ³ ÑÑĞ½Ğ³Ğ¸ Ñ…Ğ°Ğ±Ğ°Ñ€Ğ»Ğ°Ñ€, Ğ”Ğ¾Ğ»Ğ·Ğ°Ñ€Ğ± Ğ¼Ğ°Ğ²Ğ·ÑƒĞ»Ğ°Ñ€, Ğ±Ğ¸Ğ· Ğ±Ğ¸Ğ»Ğ°Ğ½ ÑƒĞ¼ÑƒĞ¼Ğ°Ğ½ Ğ·ĞµÑ€Ğ¸ĞºĞ¼Ğ°Ğ¹ÑĞ¸Ğ·

Ğ¯Ğ½Ğ³Ğ¸Ğ»Ğ¸ĞºĞ»Ğ°Ñ€ Ğ±ÑĞ»ÑĞ° Ğ±Ğ¸Ğ·Ğ³Ğ° ÑĞ±Ğ¾Ñ€Ğ¸Ğ½Ğ³,  Ğ±Ğ¸Ğ· ĞºĞ°Ğ½Ğ°Ğ»Ğ³Ğ° Ñ‡Ğ¸Ò›Ğ°Ñ€Ğ°Ğ¼Ğ¸Ğ· ğŸ‘‰ @shopirlaraloqabot

Ğ ĞµĞºĞ»Ğ°Ğ¼Ğ° Ğ±ÑĞ¹Ğ¸Ñ‡Ğ° ğŸ‘‰ @AndAdmin",http://75.119.148.52/fbda18c368768a4e6508b156f77abe190319d7dd.jpg,https://t.me/shopirlar,true,true,482619,29,0,142042,0,5709.33,"5",2022-11-12 19:23:58.182
cl8powt510108bqe5w00wzsy6,Telegram_Yulduzlari| Ğ Ğ°ÑĞ¼Ğ¸Ğ¹ ĞºĞ°Ğ½Ğ°Ğ»,"ğŸ‡ºğŸ‡¿ĞšĞĞ¢Ğ¢ĞĞ›ĞĞ  Ğ£Ğ§Ğ£ĞğŸ‘ğŸ»
Ğ¥Ğ°Ñ€ ĞºÑƒĞ½Ğ¸ Ğ¼Ğ°Ğ¼Ğ»Ğ°ĞºĞ°Ñ‚Ğ»Ğ°Ñ€ Ğ±Ğ¸Ğ»Ğ°Ğ½ Ğ±Ğ¾Ò“Ğ»Ğ¸Ò› Ò›Ğ¸Ğ·Ğ¸Ò›Ğ°Ñ€Ğ»Ğ¸ Ğ’Ğ¸Ğ´ĞµĞ¾, Ğ¤Ğ¾Ñ‚Ğ¾, Ğ¥Ğ°Ğ±Ğ°Ñ€Ğ»Ğ°Ñ€!
Everyday Interesting, Videos and Photos!
_
Ğ’Ğ¾Ò›ĞµĞ° Ğ²Ğ° Ñ…Ğ¾Ğ´Ğ¸ÑĞ°Ğ³Ğ° Ğ³ÑƒĞ²Ğ¾Ò³ Ğ±ÑĞ»Ğ´Ğ¸Ğ½Ğ³Ğ¸Ğ·Ğ¼Ğ¸ ğŸ‘€
Ğ±Ğ¸Ğ·Ğ³Ğ° ÑĞ±Ğ¾Ñ€Ğ¸Ğ½Ğ³, Ğ±Ğ¸Ğ· ĞºĞ°Ğ½Ğ°Ğ»Ğ³Ğ° Ñ‡Ğ¸Ò›Ğ°Ñ€Ğ°Ğ¼Ğ¸Ğ· 
@TYUZBEKADMINğŸ‘‡ğŸ»
Spamlar : @TYUZBEKADMIN_bot",http://75.119.148.52/c38f2ea3502f2348ba32210302272ea77a1b316c.jpg,https://t.me/tyuzbek,true,true,462106,29,75,133974,0,0.0,"5",2022-11-12 19:23:58.182
cl8powt6b0134bqe5mqd9t3jm,PATRUL UZ | Ğ ĞĞ¡ĞœĞ˜Ğ™ ĞšĞĞĞĞ›,"Ğ Ğ°ÑĞ¼Ğ¸Ğ¹ Â«ĞŸĞĞ¢Ğ Ğ£Ğ› Ğ£Ğ—Â» ĞºĞ°Ğ½Ğ°Ğ»Ğ¸Ğ³Ğ° Ñ…ÑƒÑˆ ĞºĞµĞ»Ğ¸Ğ±ÑĞ¸Ğ·!

Ğ¤Ğ°Ò›Ğ°Ñ‚ ÑĞ½Ğ³Ğ¸, Ğ´Ğ¾Ğ»Ğ·Ğ°Ñ€Ğ± Ğ¼Ğ°Ğ²Ğ·ÑƒĞ»Ğ°Ñ€!

http://myurls.co/patruluz

Ğ¯Ğ½Ğ³Ğ¸Ğ»Ğ¸ĞºĞ»Ğ°Ñ€ Ğ±ÑĞ»ÑĞ° Ğ±Ğ¸Ğ·Ğ³Ğ° ÑĞ±Ğ¾Ñ€Ğ¸Ğ½Ğ³, Ğ±Ğ¸Ğ· ĞºĞ°Ğ½Ğ°Ğ»Ğ³Ğ° Ñ‡Ğ¸Ò›Ğ°Ñ€Ğ°Ğ¼Ğ¸Ğ·: @Patrul_Aloqabot

Ğ ĞµĞºĞ»Ğ°Ğ¼Ğ°: @Patrul_Admin",//static3.tgstat.ru/channels/_0/a1/a1113761fad8b4f8ef92b4bc91a52e2e.jpg,https://t.me/patrul_uz,true,true,448182,21,72,92558,0,5226.67,"7",2022-11-12 19:23:58.182
cl8powt6q0148bqe5ibij41xa,Xushnudbek.uz,"Ò²ÑƒÒ›ÑƒÒ›ÑˆÑƒĞ½Ğ¾Ñ Ğ¥ÑƒÑˆĞ½ÑƒĞ´Ğ±ĞµĞº Ğ¥ÑƒĞ´Ğ¾Ğ¹Ğ±ĞµÑ€Ğ´Ğ¸ĞµĞ²Ğ½Ğ¸Ğ½Ğ³ Ğ¢ĞµĞ»ĞµĞ³Ñ€Ğ°Ğ¼ ĞºĞ°Ğ½Ğ°Ğ»Ğ¸Ğ³Ğ° Ñ…ÑƒÑˆ ĞºĞµĞ»Ğ¸Ğ±ÑĞ¸Ğ·!

â€¢youtube.com/c/xushnudbekxudoyberdiyev

â€¢fb.com/xushnudjohn

â€¢twitter.com/xushnudbeck

â€¢instagram.com/xushnudbek

â€¢tiktok.com/@xushnudbekofficial

Ğ ĞµĞºĞ»Ğ°Ğ¼Ğ° ÑƒÑ‡ÑƒĞ½:
@xushnudbekreklama",http://75.119.148.52/e0ba42e669e06d18b5eb4d5cc4154c2a48254bf0.jpg,https://t.me/xushnudbek,true,true,436556,35,76,152684,0,2141.33,"5",2022-11-12 19:23:58.182
cl8powt750160bqe57zsip65t,Abdulloh domla Maruzalar,Birovga yomonlik qilayotganingizda ALLOH ni eslang biz bilmasak ham u ko'rib turibti ğŸ˜ŠYaqinlaringizni sog'lig'ini o'ylang! ğŸ¤²...,//static9.tgstat.ru/channels/_0/d4/d471b784025f5716c651199d49dd1498.jpg,https://t.me/Abdulloh_ilmnuri_maruzalar_domla,true,true,389209,3,0,11035,0,0.0,"8",2022-11-12 19:23:58.182
cl8powt850200bqe5wjnazm00,Namanganliklar.Uz,"ğŸ‡ºğŸ‡¿ğŸ‡¹ğŸ‡· Ğ¢ĞµĞ»ĞµĞ³Ñ€Ğ°Ğ¼Ğ´Ğ° ÑĞ½Ğ³ Ğ±Ğ¸Ñ€Ğ¸Ğ½Ñ‡Ğ¸ Ğ¾Ñ‡Ğ¸Ğ»Ğ³Ğ°Ğ½ Â«NAMANGANLIKLARÂ» ĞºĞ°Ğ½Ğ°Ğ»Ğ¸Ğ´Ğ°ÑĞ¸Ğ·!

Ğ¥Ğ°Ñ€ Ò›Ğ°Ğ½Ğ´Ğ°Ğ¹ Ğ¼ÑƒÑ€Ğ¾Ğ¶Ğ°Ğ°Ñ‚ Ğ²Ğ° Ñ‚Ğ°ĞºĞ»Ğ¸Ñ„Ğ»Ğ°Ñ€Ğ½Ğ¸ ÑƒÑˆĞ±Ñƒ
ğŸ‘‰ @NamGroupBot Ğ¼Ğ°Ğ½Ğ·Ğ¸Ğ»Ğ¸Ğ¼Ğ¸Ğ·Ğ³Ğ° ÑĞ±Ğ¾Ñ€Ğ¸Ğ½Ğ³

Ğ ĞµĞºĞ»Ğ°Ğ¼Ğ° Ğ±ÑĞ»Ğ¸Ğ¼Ğ¸: 
ğŸ‘‰ @Nam_Group",http://75.119.148.52/7396e22225e95863354359a16da592706261dd11.jpg,https://t.me/namanganliklar_uz,true,true,374574,3,0,10899,0,4569.33,"5",2022-11-12 19:23:58.182
cl8powt5b0120bqe5fj2np4j4,Ğ’Ğ¾Ğ´Ğ¸Ğ¹ Ğ±Ğ¾Ğ·Ğ¾Ñ€,"â€œĞ’Ğ¾Ğ´Ğ¸Ğ¹ Ğ±Ğ¾Ğ·Ğ¾Ñ€â€ Ñ‚ĞµĞ»ĞµĞ³Ñ€Ğ°Ğ¼ ĞºĞ°Ğ½Ğ°Ğ»Ğ¸Ğ³Ğ° Ñ…ÑƒÑˆ ĞºĞµĞ»Ğ¸Ğ±ÑĞ¸Ğ·!

Ğ ĞµĞºĞ»Ğ°Ğ¼Ğ° Ğ±ÑĞ¹Ğ¸Ñ‡Ğ°ğŸ‘‰ @vbadminbozor Ğ³Ğ° Ñ‘Ğ·Ğ¸Ğ½Ğ³

Ğ¢ĞµĞ·ĞºĞ¾Ñ€ Ğ²Ğ¸Ğ´ĞµĞ¾ Ğ²Ğ° ÑĞ½Ğ³Ğ¸Ğ»Ğ¸ĞºĞ»Ğ°Ñ€ Ğ±ÑĞ»ÑĞ° Ğ±Ğ¸Ğ·Ğ³Ğ° ÑĞ±Ğ¾Ñ€Ğ¸Ğ½Ğ³ğŸ‘‰ @VodiyBozorAloqaBot

ĞĞ·Ğ±ĞµĞºĞ¸ÑÑ‚Ğ¾Ğ½Ğ´Ğ°Ğ³Ğ¸ ÑĞ°Ğ²Ğ´Ğ¾ ÑĞ¾Ñ‚Ğ¸Ò› Ğ²Ğ° Ğ±Ğ¸Ğ·Ğ½ĞµÑ Ğ¹ÑĞ½Ğ°Ğ»Ğ¸ÑˆĞ¸Ğ´Ğ°Ğ³Ğ¸ ÑĞ½Ğ³ ĞºÑĞ¿ Ğ°ÑŠĞ·Ğ¾Ğ³Ğ° ÑĞ³Ğ° Ñ€Ğ°ÑĞ¼Ğ¸Ğ¹ ĞºĞ°Ğ½Ğ°Ğ»!",http://75.119.148.52/246aa49c005e2418ea2695f72701ad39fab393c6.jpg,https://t.me/vodiybozor,true,true,448288,27,0,123204,0,0.0,,2022-11-12 19:23:58.182
cl8powt0c0000bqe5zulg30rz,MOSHINA BOZOR l Rasmiy Kanal,"âœ… Ğ¢ĞµĞ»ĞµĞ³Ñ€Ğ°Ğ¼ Ñ‚Ğ°Ñ€Ğ¼Ğ¾Ò“Ğ¸Ğ´Ğ°Ğ³Ğ¸ ĞĞ²Ñ‚Ğ¾Ğ¼Ğ¾Ğ±Ğ¸Ğ»Ğ»Ğ°Ñ€ ÑƒÑ‡ÑƒĞ½ ÑĞ½Ğ³ Ğ¾Ğ¼Ğ¼Ğ°Ğ±Ğ¾Ğ¿  ÑĞ°Ğ²Ğ´Ğ¾ ĞºĞ°Ğ½Ğ°Ğ»Ğ¸ ""MOSHINA BOZOR""Ğ³Ğ° Ñ…ÑƒÑˆ ĞºĞµĞ»Ğ¸Ğ±ÑĞ¸Ğ·

ğŸ“ Ğ­ÑŠĞ»Ğ¾Ğ½ Ğ±ĞµÑ€Ğ¸Ñˆ ÑƒÑ‡ÑƒĞ½: @Yutouz_Admin Ğ³Ğ° Ñ‘Ğ·Ğ¸Ğ½Ğ³

 Ğ­ÑŠĞ»Ğ¾Ğ½ Ğ±ĞµÑ€Ğ¸Ñˆ ĞŸĞ£Ğ›Ğ›Ğ˜Ğš!

Kvartira ijarasi - @Kvartira

Namoz vaqtlari - @Abuhurayrabot",//static7.tgstat.ru/channels/_0/22/229796c9416d0f85add2a9630f4e38a5.jpg,https://t.me/moshina,true,true,216276,3,0,1549628,0,0.0,"2",2022-11-12 20:45:03.232
cl8powt8h0212bqe5yqo3uecq,Shukurullo domla Maruzalari,Ğ¨ÑƒĞºÑƒÑ€ÑƒĞ»Ğ»Ğ¾ Ğ´Ğ¾Ğ¼Ğ»Ğ°Ğ½Ğ¸Ğ½Ğ³ Ñ‚ĞµĞ»ĞµĞ³Ñ€Ğ°Ğ¼ ĞºĞ°Ğ½Ğ°Ğ»Ğ¸ ĞœÑƒÑ…Ğ»Ğ¸ÑĞ»Ğ°Ñ€ Ğ¢Ğ¾Ğ¼Ğ¾Ğ½Ğ¸Ğ´Ğ°Ğ½ ĞÑ‡Ğ¸Ğ»Ğ³Ğ°Ğ½ ĞšĞ°Ğ½Ğ°Ğ» Ğ‘Ñƒ ĞºĞ°Ğ½Ğ°Ğ»Ğ´Ğ° Ğ¨ÑƒĞºÑƒÑ€ÑƒĞ»Ğ»Ğ¾ Ğ”Ğ¾Ğ¼Ğ»Ğ°Ğ½Ğ¸ Ğ•Ğ½Ğ³ Ğ¯Ğ½Ğ³Ğ¸ ĞœĞ°Ñ€ÑƒĞ·Ğ°Ğ»Ğ°Ñ€Ğ¸ Ğ±ĞµÑ€Ğ¸Ğ± Ğ±Ğ¾Ñ€Ğ¸Ğ»Ğ°Ğ´Ğ¸!â“‚ï¸anba â¤ @ISLOM_YULDUZI âœ”ï¸,//static3.tgstat.ru/channels/_0/66/66fe32854ea1d2df39c693b4229a62f1.jpg,https://t.me/SHukrullo_domla_Solihon_domla_uz,true,true,367453,3,0,10964,0,0.0,"8",2022-11-12 19:23:58.182
cl8powta00250bqe5sihrg48m,Sara xabar | Rasmiy kanal,â—Ğ¤Ğ°Ò›Ğ°Ñ‚ ÑĞ½Ğ³ Ğ¼ÑƒÒ³Ğ¸Ğ¼ Ñ…Ğ°Ğ±Ğ°Ñ€Ğ»Ğ°Ñ€!!!ĞĞ·Ğ±ĞµĞºĞ¸ÑÑ‚Ğ¾Ğ½ Ğ²Ğ° Ğ¶Ğ°Ñ…Ğ¾Ğ½ ÑĞ½Ğ³Ğ¸Ğ»Ğ¸ĞºĞ»Ğ°Ñ€Ğ¸.Ğ ĞµĞºĞ»Ğ°Ğ¼Ğ°: @Saraxabar_adm1n,//static10.tgstat.ru/channels/_0/fc/fcf20b04b6ec34fdf5dde075976c8a2d.jpg,https://t.me/Xabaruz_Rasmiy,true,true,343526,6,0,21547,0,6133.33,"9",2022-11-12 19:23:58.182
cl8powtad0264bqe57ywnsuqa,MILITSIYA UZB | Ğ Ğ°ÑĞ¼Ğ¸Ğ¹ ĞºĞ°Ğ½Ğ°Ğ»,Ğ Ğ°ÑĞ¼Ğ¸Ğ¹ Â«ĞœĞ¸Ğ»Ğ¸Ñ†Ğ¸Ñ Ğ£Ğ·Ğ±Â» ĞºĞ°Ğ½Ğ°Ğ»Ğ¸Ğ³Ğ° Ñ…ÑƒÑˆ ĞºĞµĞ»Ğ¸Ğ±ÑĞ¸Ğ·! âš¡ï¸Ğ¤Ğ°Ò›Ğ°Ñ‚ ÑĞ½Ğ³Ğ¸ Ğ¼Ğ°Ğ²Ğ·ÑƒĞ»Ğ°Ñ€!Instagram.com/Militsiya_rasmiyĞ¢Ğ°ĞºĞ»Ğ¸Ñ„ Ğ²Ğ° Ğ¼ÑƒÑ€Ğ¾Ğ¶Ğ°Ğ°Ñ‚Ğ»Ğ°Ñ€: @Militsiya_UzbbotğŸ’°Ğ ĞµĞºĞ»Ğ°Ğ¼Ğ° ÑƒÑ‡ÑƒĞ½: @Militsiya_Admin,//static4.tgstat.ru/channels/_0/9f/9fdefb4005919025271ac8c663518c42.jpg,https://t.me/MILITSIYA_UZB,true,true,343076,30,0,103968,0,5973.33,"",2022-11-12 19:23:58.182
cl8powtap0276bqe5lbc18aw8,âš½ï¸ FUTBOL BUGUN (RASMIY),ğŸ‘‰ @FUTBOLBUGUN Biz Sizga Har Kuni Taqdim Etamiz !!! ğŸ‘‡ ğŸ— Yangiliklar  âš½ï¸ Onlayn Gollarâœ… Natijalar ğŸ“Š Turnir Jadvallari ğŸ“‰ Statistkalar ğŸ“¸ Fotolar ğŸ¥ Video Roliklar,//static3.tgstat.ru/channels/_0/bd/bd0bb61fd45b99c869f42ff410f158ef.jpg,https://t.me/UZSPORT_TV_FUDBOLTVHD,true,true,333616,10,0,33068,0,0.0,"7",2022-11-12 19:23:58.182
cl8powtcf0288bqe5q9ihpwy2,FC BARCELONA (RASMIY),ğŸ‡ªğŸ‡¸ Barcelona ğŸ‡ºğŸ‡¿ klubining O'zbekistondagi muxlislari uchun ochilgan maxsus sahifasiâ—ï¸ğŸ— Yangiliklar  âš½ï¸ Onlayn GollarğŸ“¸ Fotolar ğŸ¥ Video RoliklarğŸ–¥ Onlayn Translyatsiya,//static3.tgstat.ru/channels/_0/55/5562a540082b4d0fab7060d9241956f3.jpg,https://t.me/BARCELONA_BARSA_BARSELONA_BARCA,true,true,324075,4,0,13690,0,0.0,"7",2022-11-12 19:23:58.182
cl8powtcp0300bqe5hbd67c6j,Abdulloh domla Maruzalari (ilmnuri),"ĞĞ±Ğ´ÑƒĞ»Ğ»Ğ¾Ò³ Ğ”Ğ¾Ğ¼Ğ»Ğ° ĞœĞ°ÑŠÑ€ÑƒĞ·Ğ°Ğ»Ğ°Ñ€Ğ¸ ĞºĞ°Ğ½Ğ°Ğ»Ğ¸Ğ³Ğ° Ò²ÑƒÑˆ ĞºĞµĞ»Ğ¸Ğ±ÑĞ¸Ğ·""Abdulloh Domla Ma'ruzalari (Ilmnuri)"" ĞºĞ°Ğ½Ğ°Ğ»Ğ¸ Ñ„Ğ°Ò›Ğ°Ñ‚ Ñ€Ğ°ÑĞ¼Ğ¸Ğ¹ Ğ¼Ğ°Ğ½Ğ±Ğ°Ğ»Ğ°Ñ€ Ğ°ÑĞ¾ÑĞ¸Ğ´Ğ° Ñ„Ğ°Ğ¾Ğ»Ğ¸ÑÑ‚ Ğ¾Ğ»Ğ¸Ğ± Ğ±Ğ¾Ñ€Ğ¸Ğ»Ğ°Ğ´Ğ¸.",//static2.tgstat.ru/channels/_0/70/70827fc730870610b57d081b3f2d4023.jpg,https://t.me/Abdulloh_maruzalar_ilmnuri_domla,true,true,324026,3,0,10249,0,0.0,"3",2022-11-12 19:23:58.182
cl8powtcz0312bqe5jz6jsizp,âš½ï¸ TransferlarFT | RASMIY,"âš½ï¸Transferlar ""FT""  rasmiy kanali eng so'nggi transfer yangiliklarini eng birinchilardan bo'lib sizga yetkazib boradiâœ…Reklama uchun kanallar: @BrendFTReklama menejeri: @MenedjerX",//static4.tgstat.ru/channels/_0/eb/ebfb7d81417a34c4c74aa2679f0212c1.jpg,https://t.me/Transferlari_Futbol_Transferlar,true,true,323460,3,0,10676,0,2933.33,"7",2022-11-12 19:23:58.182
cl8powtda0324bqe5nh08xxx2,O'zbekiston 24,"ğŸŒĞĞ·Ğ±ĞµĞºĞ¸ÑÑ‚Ğ¾Ğ½ Ğ²Ğ° Ğ–Ğ°Ò³Ğ¾Ğ½Ğ´Ğ°Ğ³Ğ¸ Ğ¼ÑƒÒ³Ğ¸Ğ¼ Ğ²Ğ¾Ò›ĞµĞ°Ğ»Ğ°Ñ€, ÑĞ½Ğ³ Ñ‚ĞµĞ·ĞºĞ¾Ñ€ Ñ…Ğ°Ğ±Ğ°Ñ€Ğ»Ğ°Ñ€

Ğ’Ğ¾Ò›ĞµĞ° Ñ‘ĞºĞ¸ Ò³Ğ¾Ğ´Ğ¸ÑĞ°Ğ½Ğ¸Ğ½Ğ³ Ğ³ÑƒĞ²Ğ¾Ò³Ğ¸ Ğ±ÑĞ»Ğ´Ğ¸Ğ½Ğ³Ğ¸Ğ·Ğ¼Ğ¸?
Ğ£Ğ½Ğ´Ğ° Ğ±Ğ¸Ğ·Ğ³Ğ° Ğ¹ÑƒĞ±Ğ¾Ñ€Ğ¸Ğ½Ğ³  ğŸ‘‰ @Umarov_Shoxjaxon

Ğ ĞµĞºĞ»Ğ°Ğ¼Ğ° ÑƒÑ‡ÑƒĞ½: ğŸ‘‰ @Reklama_xizmati4343
  
Ğ ĞµĞºĞ»Ğ°Ğ¼Ğ° Ğ½Ğ°Ñ€Ñ…Ğ»Ğ°Ñ€Ğ¸ğŸ‘‡
https://telegram.me/joinchat/U0zM8Fm-Fi_TeZMS",http://75.119.148.52/7ceef79c72a4730ddf19951c14a5ba404143bfa8.jpg,https://t.me/ozbekistonn_tyuzbekk_unchamuncha,true,true,318989,15,0,49427,0,3212.0,"5",2022-11-12 19:23:58.182
cl8powtdk0336bqe5narbz24m,Ğ¨ĞĞ™Ğ¥ ĞœĞ£Ğ¥Ğ›Ğ˜Ğ¡Ğ›ĞĞ Ğ˜ !!!,ĞšĞ°Ğ½Ğ°Ğ» Ğ¨Ğ°Ğ¹Ñ… ĞœÑƒÒ³Ğ°Ğ¼Ğ¼Ğ°Ğ´ Ğ¡Ğ¾Ğ´Ğ¸Ò› ĞœÑƒÒ³Ğ°Ğ¼Ğ¼Ğ°Ğ´ Ğ®ÑÑƒÑ„ Ñ€Ğ°Ò³Ğ¸Ğ¼Ğ°Ò³ÑƒĞ»Ğ»Ğ¾Ò³Ğ½Ğ¸Ğ½Ğ³ Ğ¸Ğ»Ğ¼Ğ¸Ğ¹-Ğ¼Ğ°ÑŠĞ½Ğ°Ğ²Ğ¸Ğ¹ Ğ¼ĞµÑ€Ğ¾ÑĞ»Ğ°Ñ€Ğ¸Ğ½Ğ¸ ÑÑ€Ğ³Ğ°Ğ½Ğ¸Ñˆ Ğ¼Ğ°Ò›ÑĞ°Ğ´Ğ¸Ğ´Ğ° Ğ¼ÑƒÒ³Ğ°Ğ±Ğ±Ğ°Ñ‚Ğ»Ğ¸ Ğ¼ÑƒÑ…Ğ»Ğ¸ÑĞ»Ğ°Ñ€ Ñ‚Ğ¾Ğ¼Ğ¾Ğ½Ğ¸Ğ´Ğ°Ğ½ Ğ¾Ñ‡Ğ¸Ğ»Ğ³Ğ°Ğ½!ĞœĞ°Ğ½Ğ±Ğ°: Savollar.islom.uz | Islom.uzĞ¡Ğ°Ğ²Ğ¾Ğ» Ğ¹ÑĞ»Ğ»Ğ°Ñˆ! ğŸ‘‰ Savollar.islom.uzĞ ĞµĞºĞ»Ğ°Ğ¼Ğ°: @Reklamauchun_uz,//static1.tgstat.ru/channels/_0/75/75e59e88ff8da200c5b0c17f397729b3.jpg,https://t.me/Shayx_MuhammadSodiq_Muxlislari,true,true,312545,18,0,55179,0,0.0,"8",2022-11-12 19:23:58.182
cl8powtdw0348bqe5obullthm,XIT MUSIQALAR ğŸµ,ğŸµ Ñ•aloĞ¼aleÄ¸Ï…Ğ¼ Ñ…Ï…Ñ•Ğ½ Ä¸elÎ¹Ğ²Ñ•Î¹z. eng Ñ•o'ngÎ¹ Ñ…Î¹Ñ‚ Ğ¼Ï…Ñ•Î¹clar Ğ²Î¹zda ğŸ–¤ğŸ¥°ğ–¤“ Ñ…Î¹Ñ‚ Ğ¼Ï…Ñ•Î¹c 2021ğ–¤“ rÏ…Ñ•Ñ•Î¹an Ğ¼Ï…Ñ•Î¹cğ–¤“ Ğ²aÑ•Ñ• Ğ¼Ï…Ñ•Î¹c ğ–¤“ reĞ¼Î¹Ñ… Ğ¼Ï…Ñ•Î¹cğ–¤“ clÏ…Ğ² Ğ¼Ï…Ñ•Î¹cğ–¤“ Ñ‚Ï…rÄ¸Î¹Ñ•Ğ½ Ğ¼Ï…Ñ•Î¹câ€”á´…ÉªÊ€á´‡á´‹á´›á´Ê€ - @Muzikalar_admin,//static5.tgstat.ru/channels/_0/d9/d9cc779bc5e29bb1dfcf6db75762845a.jpg,https://t.me/UZBEKCHA_QOSHIQLAR_MUSIQALAR,true,true,309714,3,0,10332,0,0.0,"10",2022-11-12 19:23:58.182
cl8powtew0388bqe5x9yf8qp4,Dunyo.uz | Tezkor Yangiliklar,"âœ… Ğ¢ĞµĞ·ĞºĞ¾Ñ€ Ñ…Ğ°Ğ±Ğ°Ñ€Ğ»Ğ°Ñ€ | Ğ¡Ğ¸Ñ‘ÑĞ¸Ğ¹ ĞºĞ°Ğ½Ğ°Ğ»

âš¡ï¸Ğ¤Ğ°Ò›Ğ°Ñ‚ Ñ‚Ğ°ÑĞ´Ğ¸Ò›Ğ»Ğ°Ğ½Ğ³Ğ°Ğ½ Ğ¼Ğ°ÑŠĞ»ÑƒĞ¼Ğ¾Ñ‚Ğ»Ğ°Ñ€!
ĞĞ±ÑƒĞ½Ğ°Ñ‡Ğ¸Ğ»Ğ°Ñ€Ğ½Ğ¸ Ğ·ĞµÑ€Ğ¸ĞºÑ‚Ğ¸Ñ€Ğ¼Ğ°ÑĞ»Ğ¸Ğº ÑƒÑ‡ÑƒĞ½ ĞºĞ°Ğ¹Ñ„Ğ¸ÑÑ‚ ĞºÑÑ‚Ğ°Ñ€ÑƒĞ²Ñ‡Ğ¸ Ğ¿ÑÑÑ‚Ğ»Ğ°Ñ€Ñ…Ğ°Ğ¼ Ğ¶Ğ¾Ğ¹Ğ»Ğ°Ğ± Ğ±Ğ¾Ñ€Ğ¸Ğ»Ğ°Ğ´Ğ¸!

â–ªï¸ Ğ ĞµĞºĞ»Ğ°Ğ¼Ğ° ÑƒÑ‡ÑƒĞ½ ğŸ‘‰ @Jiddiy_Reklama",http://75.119.148.52/d7499cb2dd2cf90bbdd44b88a044dc74474db676.jpg,https://t.me/daryouz_dunyo_yangilillar_uzbek,true,true,304957,17,0,53277,0,1426.67,"5",2022-11-12 19:23:58.182
cl8poyhz21093i2e5bs54ivqx,USTOZLAR MA'RUZASI,"Ğ’Ğ° Ğ­ÑĞ»Ğ°Ñ‚Ğ¸Ğ½Ğ³! ĞĞ»Ğ±Ğ°Ñ‚Ñ‚Ğ°, ÑÑĞ»Ğ°Ñ‚Ğ¸Ñˆ Ğ¼ÑĞ¼Ğ¸Ğ½Ğ»Ğ°Ñ€Ğ³Ğ° Ğ¼Ğ°Ğ½Ñ„Ğ°Ğ°Ñ‚ Ğ±ĞµÑ€ÑƒÑ€.(Ğ—Ğ¾Ñ€Ğ¸ÑÑ‚ ÑÑƒÑ€Ğ°ÑĞ¸ 55)Ğ ĞµĞºĞ»Ğ°Ğ¼Ğ° ÑƒÑ‡ÑƒĞ½: @ReklamaBolimi2ĞĞ°Ğ¼Ğ¾Ğ· Ğ’Ğ°Ò›Ñ‚Ğ¸: Manba Mehrob.uz",//static2.tgstat.ru/channels/_0/16/16ed65c11379a7359ff587dea3be3ce7.jpg,https://t.me/ustozlarimiz_maruzasi,true,true,184596,15,0,26968,0,600.0,"8",2022-11-12 19:23:58.182
cl8powten0376bqe50pr3j8az,TIK-TOK,ğŸTik-Tokâ¤ï¸Likee ğŸ“½Instagram va Butun Internet Olamidagi Eng Sara Shov-ShuvliğŸ¥Qiziqarli va Kulguli ComedyağŸ˜‚Videolarni Birinchi Biz Bilan Kuzatib Boring!ğŸ˜Eng Zo'rlari Bizning Kanalda!Reklama Uchun: @Uzbek_Menejer,//static4.tgstat.ru/channels/_0/6a/6aaf73b8a675cf56447da5ca12134314.jpg,https://t.me/Tik_Tok_Tiktok_Likee_Instagram,true,true,306258,6,0,17643,0,2053.33,,2022-11-12 19:23:58.182
cl8powtf70400bqe5dfzhc83j,Shov - Shuv UZ,Ğ­Ğ½Ğ³ Ğ¨Ğ¾Ğ² Ğ¨ÑƒĞ²Ğ»Ğ¸ Ñ…Ğ°Ğ±Ğ°Ñ€Ğ»Ğ°Ñ€Ğ´Ğ°Ğ½ Ğ±Ğ¸Ñ€Ğ¸Ğ½Ñ‡Ğ¸Ğ»Ğ°Ñ€Ğ´Ğ°Ğ½ Ğ±ÑĞ»Ğ¸Ğ± Ñ€Ğ°ÑĞ¼Ğ¸Ğ¹ ĞºĞ°Ğ½Ğ°Ğ»Ğ¸Ğ¼Ğ¸Ğ·Ğ´Ğ° Ğ±Ğ¾Ñ…Ğ°Ğ±Ğ°Ñ€ Ğ±ÑĞ»Ğ¸Ğ½Ğ³- Ğ¤Ğ°Ò›Ğ°Ñ‚ Ğ´Ğ¾Ğ»Ğ·Ğ°Ñ€Ğ± Ğ¼Ğ°Ğ²Ğ·ÑƒĞ»Ğ°Ñ€- Ğ¢ĞµĞ·ĞºĞ¾Ñ€Ğ»Ğ¸Ğº- Ğ Ğ°ÑĞ¼Ğ¸Ğ¹ Ñ…Ğ°Ğ±Ğ°Ñ€Ğ»Ğ°Ñ€Ğ ĞµĞºĞ»Ğ°Ğ¼Ğ° Ğ±ÑĞ¹Ğ¸Ñ‡Ğ° Ğ±Ğ¾Ò“Ğ»Ğ°Ğ½Ğ¸Ñˆ ğŸ‘‰ @ShovShuvReklama ğŸ‘ˆ ğŸ“ +998998470505Ğ Ğ°ÑĞ¼ Ğ²Ğ° Ğ²Ğ¸Ğ´ĞµĞ¾ ÑĞ±Ğ¾Ñ€Ğ¸Ñˆ ÑƒÑ‡ÑƒĞ½ğŸ‘‡@ShovUzMurojaat,//static1.tgstat.ru/channels/_0/4a/4a76db4f297055dd856eaeb6e796e0d8.jpg,https://t.me/shov_shuvUZ,true,true,303953,49,0,149606,0,2986.67,"7",2022-11-12 19:23:58.182
cl8powtfg0412bqe5w6n7m42m,Ğ¢ĞµĞ·ĞºĞ¾Ñ€ Ğ¥Ğ°Ğ±Ğ°Ñ€Ğ»Ğ°Ñ€ğŸ“¨,ĞÑÑĞ°Ğ»Ğ¾Ğ¼Ñƒ ĞĞ»Ğ°Ğ¹ĞºÑƒĞ¼!Ğ¡Ğ¸Ğ· Â«Ğ¢ĞµĞ·ĞºĞ¾Ñ€ Ğ¥Ğ°Ğ±Ğ°Ñ€Ğ»Ğ°Ñ€Â» (@tezkorxabarlar) Ñ€Ğ°ÑĞ¼Ğ¸Ğ¹ ĞºĞ°Ğ½Ğ°Ğ»Ğ¸Ğ´Ğ°ÑĞ¸Ğ·.ĞšĞ°Ğ½Ğ°Ğ»Ğ¸Ğ¼Ğ¸Ğ·Ğ´Ğ° ÑÑ€Ñ‚Ğ¸Ğ¼Ğ¸Ğ· Ğ²Ğ° Ğ´ÑƒĞ½Ñ‘Ğ´Ğ° Ñ€ÑĞ¹ Ğ±ĞµÑ€Ğ°Ñ‘Ñ‚Ğ³Ğ°Ğ½ ÑĞ½Ğ³ ÑÑĞ½Ğ³Ğ³Ğ¸ ÑĞ½Ğ³Ğ¸Ğ»Ğ¸ĞºĞ»Ğ°Ñ€Ğ´Ğ°Ğ½ Ğ²Ğ° Ğ¸Ğ±Ñ€Ğ°Ñ‚Ğ»Ğ¸ Ğ¼Ğ°ÑŠÑ€ÑƒĞ·Ğ°Ğ»Ğ°Ñ€Ğ´Ğ°Ğ½ Ñ…Ğ°Ğ±Ğ°Ñ€Ğ´Ğ¾Ñ€ Ğ±ÑĞ»Ğ¸Ğ½Ğ³.Ğ ĞµĞºĞ»Ğ°Ğ¼Ğ° ÑƒÑ‡ÑƒĞ½: @sifatliuzb,//static3.tgstat.ru/channels/_0/fa/fa3800864c899495689eebf91fe07695.jpg,https://t.me/tezkor_xabarlar24_yangiliklari,true,true,296294,12,0,35708,0,1866.67,"3",2022-11-12 19:23:58.182
cl8powtg20438bqe5jb4ahwa2,Shukurulloh domla,Ğ¨ÑƒĞºÑƒÑ€ÑƒĞ»Ğ»Ğ¾ Ğ´Ğ¾Ğ¼Ğ»Ğ°Ğ½Ğ¸Ğ½Ğ³ Ñ‚ĞµĞ»ĞµĞ³Ñ€Ğ°Ğ¼ ĞºĞ°Ğ½Ğ°Ğ»Ğ¸ ĞœÑƒÑ…Ğ»Ğ¸ÑĞ»Ğ°Ñ€ Ğ¢Ğ¾Ğ¼Ğ¾Ğ½Ğ¸Ğ´Ğ°Ğ½ ĞÑ‡Ğ¸Ğ»Ğ³Ğ°Ğ½ ĞšĞ°Ğ½Ğ°Ğ» Ğ‘Ñƒ ĞºĞ°Ğ½Ğ°Ğ»Ğ´Ğ° Ğ¨ÑƒĞºÑƒÑ€ÑƒĞ»Ğ»Ğ¾ Ğ”Ğ¾Ğ¼Ğ»Ğ°Ğ½Ğ¸ Ğ•Ğ½Ğ³ Ğ¯Ğ½Ğ³Ğ¸ ĞœĞ°Ñ€ÑƒĞ·Ğ°Ğ»Ğ°Ñ€Ğ¸ Ğ±ĞµÑ€Ğ¸Ğ± Ğ±Ğ¾Ñ€Ğ¸Ğ»Ğ°Ğ´Ğ¸!,//static4.tgstat.ru/channels/_0/0d/0d6286a3a9d654234bed042915aa9005.jpg,https://t.me/abdulloh_islom_SHukrulloh_Domla,true,true,287266,3,0,7878,0,0.0,"8",2022-11-12 19:23:58.182
cl8powtgh0450bqe5pdc68gki,Bor gap! | Ğ Ğ°ÑĞ¼Ğ¸Ğ¹ ĞºĞ°Ğ½Ğ°Ğ»,"ğŸ‡ºğŸ‡¿ ĞšĞĞ¢Ğ¢ĞĞ›ĞĞ  Ğ£Ğ§Ğ£Ğ ğŸ‘
Ò²Ğ°Ñ€ ĞºÑƒĞ½Ğ¸ Ò›Ğ¸Ğ·Ğ¸Ò›Ğ°Ñ€Ğ»Ğ¸ Ğ²Ğ° Ñ‚ĞµĞ·ĞºĞ¾Ñ€ Ğ’Ğ¸Ğ´ĞµĞ¾, Ğ¤Ğ¾Ñ‚Ğ¾ Ğ²Ğ° Ğ¥Ğ°Ğ±Ğ°Ñ€Ğ»Ğ°Ñ€!
_
Ğ’Ğ¾Ò›ĞµĞ° Ğ²Ğ° Ò³Ğ¾Ğ´Ğ¸ÑĞ°Ğ³Ğ° Ğ³ÑƒĞ²Ğ¾Ò³ Ğ±ÑĞ»Ğ´Ğ¸Ğ½Ğ³Ğ¸Ğ·Ğ¼Ğ¸ ğŸ‘€ Ğ±Ğ¸Ğ·Ğ³Ğ° ÑĞ±Ğ¾Ñ€Ğ¸Ğ½Ğ³, Ğ±Ğ¸Ğ· ĞºĞ°Ğ½Ğ°Ğ»Ğ³Ğ° Ñ‡Ğ¸Ò›Ğ°Ñ€Ğ°Ğ¼Ğ¸Ğ· ğŸ˜: @borgapuz_Admin ğŸ‘ˆ

Ğ¡Ğ¿Ğ°Ğ¼Ğ»Ğ°Ñ€ ÑƒÑ‡ÑƒĞ½: @Borgap_bot ğŸ‘ˆ

ĞšĞ°Ğ½Ğ°Ğ»Ğ¸Ğ¼Ğ¸Ğ· Ñ€Ğ°ÑĞ¼Ğ¸Ğ¹ Ğ³ÑƒÑ€ÑƒÒ³Ğ¸: @borgapuzgroup",http://75.119.148.52/61710365e3a3a978146f5d5f7b906c700436c9b4.jpg,https://t.me/borgapuz,true,true,282368,17,73,47518,0,2141.33,"5",2022-11-12 19:23:58.182
cl8powtgt0462bqe5dhve5a11,Maktab,"â¤ï¸ Bolalikni, maktab va sinfdoshlarni sog'inganlar uchun, bu eng sevimli kanaldir ğŸ˜Š

Rek: @Sifatliy_reklam @oshigi_jannatim",http://75.119.148.52/1aa0a2b4793fa2cec8799ff86412327620937060.jpg,https://t.me/maktab,true,true,277311,3,0,8508,0,0.0,"11",2022-11-12 19:23:58.182
cl8powthl0490bqe5eju3235c,Ğ¥Ğ°Ğ±Ğ°Ñ€Ğ»Ğ°Ñ€ 24 | Ğ Ğ°ÑĞ¼Ğ¸Ğ¹ ĞºĞ°Ğ½Ğ°Ğ»,"ğŸ‘‰ ĞšĞĞ¢Ğ¢ĞĞ›ĞĞ  Ğ£Ğ§Ğ£ĞğŸ‘ğŸ»
Ğ¥Ğ°Ñ€ ĞºÑƒĞ½Ğ¸ Ğ¼Ğ°Ğ¼Ğ»Ğ°ĞºĞ°Ñ‚Ğ»Ğ°Ñ€ Ğ±Ğ¸Ğ»Ğ°Ğ½ Ğ±Ğ¾Ò“Ğ»Ğ¸Ò› Ò›Ğ¸Ğ·Ğ¸Ò›Ğ°Ñ€Ğ»Ğ¸ Ğ’Ğ¸Ğ´ĞµĞ¾, Ğ¤Ğ¾Ñ‚Ğ¾, Ğ¥Ğ°Ğ±Ğ°Ñ€Ğ»Ğ°Ñ€!
Everyday Interesting, Videos and Photos!
_
Ğ’Ğ¾Ò›ĞµĞ° Ğ²Ğ° Ñ…Ğ¾Ğ´Ğ¸ÑĞ°Ğ³Ğ° Ğ³ÑƒĞ²Ğ¾Ò³ Ğ±ÑĞ»Ğ´Ğ¸Ğ½Ğ³Ğ¸Ğ·Ğ¼Ğ¸ ğŸ‘€
Ğ±Ğ¸Ğ·Ğ³Ğ° ÑĞ±Ğ¾Ñ€Ğ¸Ğ½Ğ³, Ğ±Ğ¸Ğ· ĞºĞ°Ğ½Ğ°Ğ»Ğ³Ğ° Ñ‡Ğ¸Ò›Ğ°Ñ€Ğ°Ğ¼Ğ¸Ğ· 
Spamlar: @Xabarlar24rasmiybot

Ğ ĞµĞºĞ»Ğ°Ğ¼Ğ°: @X24ADS",http://75.119.148.52/0adabe6761f384578514d66b834df985f2f938b7.jpg,https://t.me/kunxabariofficial,true,true,273036,24,66,66846,0,4282.67,"5",2022-11-12 19:23:58.182
cl8powthv0502bqe5kj8cpdga,Tezkor Yangiliklar âš¡,"âš¡ï¸Ğ¤Ğ°Ò›Ğ°Ñ‚ Ñ‚Ğ°ÑĞ´Ğ¸Ò›Ğ»Ğ°Ğ½Ğ³Ğ°Ğ½ Ğ¼Ğ°ÑŠĞ»ÑƒĞ¼Ğ¾Ñ‚Ğ»Ğ°Ñ€, ÑĞ½Ğ³ ÑÑĞ½Ğ³Ğ³Ğ¸ Ñ‚ĞµĞ·ĞºĞ¾Ñ€ Ñ…Ğ°Ğ±Ğ°Ñ€Ğ»Ğ°Ñ€ Ğ²Ğ° Ğ´Ğ¾Ğ»Ğ·Ğ°Ñ€Ğ± ÑĞ½Ğ³Ğ¸Ğ»Ğ¸ĞºĞ»Ğ°Ñ€ Ğ±Ğ¸Ğ·Ğ´Ğ°!

ĞœÑƒÑ€Ğ¾Ğ¶Ğ°Ñ‚ Ğ²Ğ° Ñ‚Ğ°ĞºĞ»Ğ¸Ñ„Ğ»Ğ°Ñ€
@Tezkor_admin13",http://75.119.148.52/33bee0920bf079767eb15fab1f16523a68562aba.jpg,https://t.me/tezkor_yangiliklar_xabarlaruz,true,true,269471,13,0,35639,0,1284.0,"5",2022-11-12 19:23:58.182
cl8powti60514bqe53l9wvddy,ğŸ‡ªğŸ‡º CHEMPIONLAR LIGASI (Rasmiy),ğŸ‡ªğŸ‡º UEFA Chempionlar Ligasining ğŸ‡ºğŸ‡¿ O'zbekistondagi eng faol Telegram sahifasi!ğŸ— Yangiliklarâš½ï¸ Online gollarğŸ“¹ VideolarğŸ¤ IntervyularğŸ’°Reklama uchun:ğŸ‘‰ @Reklam_PricesÂ© FUTBOL UZ,//static2.tgstat.ru/channels/_0/76/76a16d87025edc377a35ea114ce0f4b7.jpg,https://t.me/CHEMPIONLAR_LIGASI_LIVERPUL,true,true,269449,3,0,7993,0,866.67,"7",2022-11-12 19:23:58.182
cl8powtjv0576bqe54p20a8gt,Andijonliklar TV | Ğ Ğ°ÑĞ¼Ğ¸Ğ¹ ĞºĞ°Ğ½Ğ°Ğ»,ğŸ“° ĞĞ½Ğ´Ğ¸Ğ¶Ğ¾Ğ½Ğ»Ğ¸ĞºĞ»Ğ°Ñ€ ĞºĞ°Ğ½Ğ°Ğ»Ğ¸Ğ³Ğ° Ñ…ÑƒÑˆ ĞºĞµĞ»Ğ¸Ğ±ÑĞ¸Ğ·!Ğ ĞµĞºĞ»Ğ°Ğ¼Ğ° Ğ±ÑĞ¹Ğ¸Ñ‡Ğ° ğŸ‘‰ @Andijon_admin1Ğ’Ğ¸Ğ´ĞµĞ¾ ÑĞ±Ğ¾Ñ€Ğ¸Ñˆ ÑƒÑ‡ÑƒĞ½ğŸ‘‰ @And_murojaatbotĞ‘Ğ¸Ğ·Ğ½Ğ¸Ğ½Ğ³ Ğ±Ğ°Ñ€Ñ‡Ğ° Ğ¸Ğ¶Ñ‚Ğ¸Ğ¼Ğ¾Ğ¸Ğ¹ Ñ‚Ğ°Ñ€Ğ¼Ğ¾Ò›Ğ»Ğ°Ñ€Ğ¸Ğ¼Ğ¸Ğ· ğŸ‘‡https://taplink.cc/andijonliklar_tv,//static7.tgstat.ru/channels/_0/5a/5abea00bc341e929efcdc0c8c1934471.jpg,https://t.me/Andijonliklar_TV,true,true,262410,10,70,25551,0,2986.67,"",2022-11-12 19:23:58.182
cl8poyq7414856i2e5ve27qkac,ğŒğšğ«ğ¡ğšğ›ğ¨ ğŠğšğ«ğ¢ğ¦ğ¨ğ¯ğš ğ¬ğ¡ğ'ğ«ğ¥ğšğ«ğ¢ğŸ’Ÿ,"","",https://t.me/Marhabo_Karimova_Sherlari,true,true,19445,0,0,0,0,373.33,"",2022-11-12 19:23:58.182
cl8powtj60552bqe5496e1k34,Dacha.uzb,"Asosiy Arzon dachalar kanali â¤µï¸â¤µï¸â¤µï¸

ğ——ğ—”ğ—–ğ—›ğ—”ğ—¨ğ—­ | ğ—ğ—”ğ—¡ğ—”ğ—Ÿ ğ—–ğ—›ğ—”ğ—¥ğ—©ğ—”ğ—

ğŸ -- ğ‚ğ¡ğšğ«ğ¯ğšğ¤
ğŸ” -- ğğ¨ğœğ¡ğ¤ğš
ğŸ• -- ğ—ğ®ğ¦ğ¬ğšğ§
â›° -- ğuğ«ğœğ¡ğ¢ğ¦ğ®ğ¥

Reklama  @Admiuzb",http://75.119.148.52/91aff1d40ddc6e3cfd9ff1077060bb2f9560b655.jpg,https://t.me/dacha_dachabor_dachatop_dachalar,true,true,262764,2,0,5672,0,0.0,,2022-11-12 19:23:58.182
cl8powtiw0540bqe56u5j40c6,Surxondaryoliklar | Ğ Ğ°ÑĞ¼Ğ¸Ğ¹ ĞºĞ°Ğ½Ğ°Ğ»,Ğ¡ÑƒÑ€Ñ…Ğ¾Ğ½Ğ´Ğ°Ñ€Ñ‘ Ğ²Ğ° ÑÑ€Ñ‚Ğ¸Ğ¼Ğ¸Ğ· Ò³Ğ°Ñ‘Ñ‚Ğ¸Ğ³Ğ° Ğ¾Ğ¸Ğ´ ÑĞ½Ğ³ ÑÑĞ½Ğ³Ğ¸ ÑĞ½Ğ³Ğ¸Ğ»Ğ¸ĞºĞ»Ğ°Ñ€ Ğ²Ğ° ĞºÑĞ½Ğ³Ğ¸Ğ» Ğ¾Ñ‡Ğ°Ñ€ Ğ»Ğ°Ğ²Ò³Ğ°Ğ»Ğ°Ñ€ Ğ±Ğ¸Ğ·Ğ½Ğ¸Ğ½Ğ³ ĞºĞ°Ğ½Ğ°Ğ»Ğ´Ğ°ğŸ‘‰https://vm.tiktok.com/ZSnmQ7nr/ğŸ‘‰instagram.com/SurxondaryoliklarĞ ĞµĞºĞ»Ğ°Ğ¼Ğ° ÑƒÑ‡ÑƒĞ½: @Surxondaryoliklar_adminĞ¥Ğ°Ğ±Ğ°Ñ€ ÑĞ±Ğ¾Ñ€Ğ¸Ñˆ: @Surxon_groupbot,//static2.tgstat.ru/channels/_0/bf/bf9b902f48b7e17d12c158a0eb7e3316.jpg,https://t.me/Surxondaryoliklar_Termiz_Denov,true,true,262881,3,74,8449,0,0.0,,2022-11-12 19:23:58.182
cl8powtk80588bqe5s2en3c1d,APTEKA_TV,"Ğ¡Ğ¸Ğ·Ğ½Ğ¸Ğ½Ğ³ ÑĞ¾Ò“Ğ»Ğ¸Ò“Ğ¸Ğ½Ğ³Ğ¸Ğ·Ğ³Ğ° Ò“Ğ°Ğ¼Ñ…ÑÑ€Ğ»Ğ¸Ğº Ò›Ğ¸Ğ»Ğ°Ğ´Ğ¸Ğ³Ğ°Ğ½ ÑˆĞ¸Ñ„Ğ¾ĞºĞ¾Ñ€Ğ»Ğ°Ñ€ Ğ¶Ğ°Ğ¼Ğ¾Ğ°ÑĞ¸. Ğ¢Ğ¸Ğ±Ğ±Ğ¸Ñ‘Ñ‚ Ò³Ğ°Ò›Ğ¸Ğ´Ğ° Ğ¾Ğ´Ğ´Ğ¸Ğ¹ ÑÑĞ·Ğ»Ğ°Ñ€ Ğ±Ğ¸Ğ»Ğ°Ğ½.

Ğ¨Ğ¸Ñ„Ğ¾ĞºĞ¾Ñ€Ğ»Ğ°Ñ€: @vrach_apteka_tv

Ğ˜ĞºĞºĞ¸Ğ½Ñ‡Ğ¸ ĞºĞ°Ğ½Ğ°Ğ»Ğ¸Ğ¼Ğ¸Ğ·: @xalqim_tabobati

Ğ¢Ğ¸Ğ¶Ğ¾Ñ€Ğ¸Ğ¹ Ñ…Ğ°Ğ¼ĞºĞ¾Ñ€Ğ»Ğ¸Ğº: @Abdukahhorof",https://data-img.socialjet.pro/09f735a6de4fed508cb5dec1f7e4e2a8d49fde04.jpg,https://t.me/Apteka_tv,true,true,260719,20,0,53294,0,0.0,"14",2022-11-12 19:23:58.182
cl8powtkp0602bqe5sbxxxt1w,Mehrob.uz,Ğ¨Ğ°Ğ¹Ñ… Ğ¡Ğ°Ğ¹Ğ¹Ğ¸Ğ´ Ğ Ğ°Ò³Ğ¼Ğ°Ñ‚ÑƒĞ»Ğ»Ğ¾Ò³ Ğ¢ĞµÑ€Ğ¼Ğ¸Ğ·Ğ¸Ğ¹Ğ½Ğ¸Ğ½Ğ³  www.mehrob.uz  ÑĞ°Ò³Ğ¸Ñ„Ğ°ÑĞ¸Ğ½Ğ¸Ğ½Ğ³ Ñ€Ğ°ÑĞ¼Ğ¸Ğ¹ ĞºĞ°Ğ½Ğ°Ğ»Ğ¸.Instagram:instagram.com/mehrob.uzFecebook:fb.com/Mehrob.uz2Tiktok:tiktok.com/@mehrob_uzYoutube:youtube.com/MehrobUzĞĞ·ĞœĞĞ Ğ¸Ğ½Ñ‚ĞµÑ€Ğ½ĞµÑ‚-ĞĞĞ’ Ğ³ÑƒĞ²Ğ¾Ò³Ğ½Ğ¾Ğ¼Ğ°ÑĞ¸ Ñ€Ğ°Ò›Ğ°Ğ¼Ğ¸: 1153,//static9.tgstat.ru/channels/_0/92/9219adc5c42107c4911e249155320648.jpg,https://t.me/mehrob_uz,true,true,260107,22,0,57767,0,0.0,"8",2022-11-12 19:23:58.182
cl8powtl20614bqe57xqwzct9,ğŸ‚ PISHIRIQLAR ğŸ° SHIRINLIK ğŸ¥ TORTLAR,"ğŸ‚ ĞÑ‘Ğ»Ğ»Ğ°Ñ€Ğ¸Ğ¼Ğ¸Ğ· ÑƒÑ‡ÑƒĞ½ ĞµĞ½Ğ³ ÑĞ°Ñ€Ğ° Ñ€ĞµÑ†ĞµĞ¿Ñ‚Ğ»Ğ°Ñ€ ÑƒĞ»Ğ°ÑˆÑƒĞ²Ñ‡Ğ¸ ĞºĞ°Ğ½Ğ°Ğ»!

âš¡ Ğ¢Ğ¸Ğ¶Ğ¾Ñ€Ğ¸Ğ¹ Ñ…Ğ°Ğ¼ĞºĞ¾Ñ€Ğ»Ğ¸Ğº ÑƒÑ‡ÑƒĞ½
ğŸ‘¤ ĞĞ´Ğ¼Ğ¸Ğ½: @zorzor_ads

ğŸ”¥ Hamkorimiz: 100k.uz",http://75.119.148.52/97c0786ea47f27fcdd07ca368e6e4a99e0e89bf6.jpg,https://t.me/Pishiriqlar_Shirinlik_Tortlar,true,true,256723,3,0,7500,0,1344.0,"5",2022-11-12 19:23:58.182
cl8powtlf0626bqe563wirios,ğŸ‘‘ REAL MADRID | RASMIY ï¸,"ğŸ‘‘ ""REAL MADRID""  muxlislari uchun yaratilgan shaxsiy kanal!

ğŸ“° Yangiliklar
âš½ï¸ Onlayn gollar
ğŸ¬ Videolar
ğŸ¤ Intervyular
ğŸ¥… Anonslar",http://75.119.148.52/0b3074808008dc0f1210d7f72cb22960fc906fed.jpg,https://t.me/REALMADRID_REAL_MADRID_UZB_UZ,true,true,256674,4,0,11367,0,0.0,"7",2022-11-12 19:23:58.182
cl8powtlt0638bqe5jo48hsdh,Ğ¢ĞµĞ·ĞºĞ¾Ñ€ Ñ…Ğ°Ğ±Ğ°Ñ€Ğ»Ğ°Ñ€,Ğ­Ğ½Ğ³ ÑÑĞ½Ğ³Ğ³Ğ¸ Ñ‚ĞµĞ·ĞºĞ¾Ñ€ Ñ…Ğ°Ğ±Ğ°Ñ€Ğ»Ğ°Ñ€ Ğ²Ğ° Ğ´Ğ¾Ğ»Ğ·Ğ°Ñ€Ğ± ÑĞ½Ğ³Ğ¸Ğ»Ğ¸ĞºĞ»Ğ°Ñ€!,//static5.tgstat.ru/channels/_0/07/075169efcc362ee3230df61e66718ee7.jpg,https://t.me/Xabarlar_Tezkor_Yangiliklar_24,true,true,254440,4,0,8950,0,3360.0,"3",2022-11-12 19:23:58.182
cl8powtnf0686bqe5zlgemkpu,Navoiy Kanal,"ĞšÑÑ€Ğ´Ğ¸Ğº, ÑÑˆĞ¸Ñ‚Ğ´Ğ¸Ğº, Ğ“Ğ°Ğ¿Ğ¸Ñ€Ğ°Ğ¼Ğ¸Ğ·ğŸ˜Šâ—ï¸
Ğ¡Ğ°Ğ²Ğ¾Ğ» Ğ²Ğ° Ğ¼ÑƒÑ€Ğ¾Ğ¶Ğ°Ğ°Ñ‚Ğ»Ğ°Ñ€ ÑƒÑ‡ÑƒĞ½ Ğ°Ğ´Ğ¼Ğ¸Ğ½: 
ğŸ‘‡
 @navoiy_kanaladmin

 Ğ£ Ğ±Ñƒ Ò›Ğ¸Ğ·Ğ¸Ò› Ğ½Ğ°Ñ€ÑĞ°Ğ»Ğ°Ñ€ Ğ±ÑĞ»ÑĞ° Ğ°Ğ´Ğ¼Ğ¸Ğ½Ğ³Ğ° ÑĞ±Ğ¾Ñ€Ğ¸Ğ½Ğ³!
Ò²Ğ°Ñ€ Ğ±Ğ¸Ñ€ Ñ‚Ğ°ÑˆĞ»Ğ°Ğ½Ğ³Ğ°Ğ½ Ğ½Ğ°Ñ€ÑĞ°Ğ½Ğ¸ ÑÒ›Ğ¸Ğ½Ğ»Ğ°Ñ€Ğ¸Ğ½Ğ³Ğ¸Ğ·Ğ³Ğ° Ñ‚Ğ°Ñ€Ò›Ğ°Ñ‚Ğ¸Ğ½Ğ³! Ò²Ğ°Ğ¼Ğ¼Ğ° ĞĞ°Ğ²Ğ¾Ğ¸Ğ¹Ğ»Ğ¸ĞºĞ»Ğ°Ñ€ Ğ±Ğ¸Ñ€Ğ»Ğ°ÑˆĞ°Ğ¹Ğ»Ğ¸ĞºâœŠ
ĞšÑƒÑ‡ Ğ±Ğ¸Ñ€Ğ»Ğ¸ĞºĞ´Ğ° ĞĞĞ’ĞĞ˜Ğ™Ğ›Ğ˜ĞšĞ›ĞĞ ğŸ˜‡ğŸ’ª",http://75.119.148.52/b0ee966a90e9741655ef7bba25296bb75bd5fcca.jpg,https://t.me/navoiy_kanaluz,true,true,240077,12,0,28833,0,2760.0,"5",2022-11-12 19:23:58.182
cl8powtnr0698bqe5iuru8qro,FUTBOLUZ | RASMIY,âš½ï¸Futbol muxlislari uchun yaratilgan Rasmiy kanal!ğŸ“°Yangiliklarâš½ï¸Onlayn gollarğŸ¬VideolarğŸ¤IntervyularğŸ¥…AnonslarğŸ“ºTV dasturlarReklama uchun: https://t.me/FTREKUZ,//static3.tgstat.ru/channels/_0/ae/ae4a39c4627ad646d7c7b85bd6583e3e.jpg,https://t.me/FUTBOLTV2K,true,true,238613,2,64,5692,0,0.0,"11",2022-11-12 19:23:58.182
cl8powto40710bqe588mq9w8d,êœ±á´€á´›á´œÊ€É´ ?,"â–«ï¸Ğ£ Ğ½á´€á´„ á´„Ê™á´Ñ á´€á´›Êá´á´„É¸á´‡á´©á´€ ğŸ’œ

â–«ï¸Ğ¡Ê™á´‡Ğ¶Ğ¸á´‡ á´„á´Ñ…á´©Ñ‹ Ğ¸ á´Ğ±á´Ğ¸ ğŸ¥¥

â–«ï¸Ğ¡á´€ÊÑ‹á´‡ á´„á´Ñ‡Ğ½Ñ‹á´‡ á´›á´©á´‡á´‹Ğ¸ ğŸ¶

â–«ï¸Ğ’Ğ°Ğ¶Ğ½Ğ¾Ğµ: @saturn_info",https://data-img.socialjet.pro/bf43fc1f1bae697409222c3e8d33479304d043ca.jpg,https://t.me/saturn_usa,true,true,238154,4,68,8700,0,2000.0,"10",2022-11-12 19:23:58.182
cl8powtoy0734bqe5lfevotoj,Ğ¨ĞĞ™Ğ¥ Ğ¡ĞĞ‘ĞÒšĞ›ĞĞ Ğ˜,"ĞšĞ°Ğ½Ğ°Ğ» Ğ¨Ğ°Ğ¹Ñ… ĞœÑƒÒ³Ğ°Ğ¼Ğ¼Ğ°Ğ´ Ğ¡Ğ¾Ğ´Ğ¸Ò› ĞœÑƒÒ³Ğ°Ğ¼Ğ¼Ğ°Ğ´ Ğ®ÑÑƒÑ„Ğ½Ğ¸Ğ½Ğ³ Ğ¸Ğ»Ğ¼Ğ¸Ğ¹-Ğ¼Ğ°ÑŠĞ½Ğ°Ğ²Ğ¸Ğ¹ Ğ¼ĞµÑ€Ğ¾ÑĞ»Ğ°Ñ€Ğ¸Ğ½Ğ¸ ÑÑ€Ğ³Ğ°Ğ½Ğ¸Ñˆ Ğ¼Ğ°Ò›ÑĞ°Ğ´Ğ¸Ğ´Ğ° Ğ¼ÑƒÑ…Ğ»Ğ¸ÑĞ»Ğ°Ñ€ Ñ‚Ğ¾Ğ¼Ğ¾Ğ½Ğ¸Ğ´Ğ°Ğ½ Ğ¾Ñ‡Ğ¸Ğ»Ğ³Ğ°Ğ½.

Ğ ĞµĞºĞ»Ğ°Ğ¼Ğ° ÑƒÑ‡ÑƒĞ½: @RekIamauchunbot",http://75.119.148.52/1f2a57c0c008ea37980c31e6b41a625cce625507.jpg,https://t.me/shayxsaboqlariuz,true,true,234786,9,0,20775,0,0.0,"5",2022-11-12 19:23:58.182
cl8powtpb0746bqe5m04edsma,âš½ï¸ FUTBOL YANGILIKLARI,"âœ… Biz Sizga Har Kuni Taqdim Etamiz !!!
 
ğŸ— Yangiliklar  
âš½ï¸ Onlayn Gollar
âœ… Natijalar 
ğŸ“Š Turnir Jadvallari 
ğŸ“‰ Statistkalar 
ğŸ“¸ Fotolar 
ğŸ¥ Video Roliklar",http://75.119.148.52/a036e5c33babdd3d4ee623cc1f523d2a9ecc43ab.jpg,https://t.me/UZSPORT_TV_FUDBOLTV_STADION,true,true,234498,7,0,17033,0,0.0,"7",2022-11-12 19:23:58.182
cl8poyhfq0117i2e5jco8qa8b,Uzbekistan | Ğ Ğ°ÑĞ¼Ğ¸Ğ¹ ĞºĞ°Ğ½Ğ°Ğ» Ğ¢ĞµĞ·ĞºĞ¾Ñ€ XĞ°Ğ±Ğ°Ñ€Ğ»Ğ°Ñ€ Ğ²Ğ° Ğ¯Ğ½Ğ³Ğ¸Ğ»Ğ¸ĞºĞ»Ğ°Ñ€,"ğŸ‡ºğŸ‡¿ Ğ¢Ğ’Ğ´Ğ° ĞºÑÑ€ÑĞ°Ñ‚Ğ¼Ğ°Ğ¹Ğ´Ğ¸Ğ³Ğ°Ğ½ Ğ²Ğ° Ğ³Ğ°Ğ·ĞµÑ‚Ğ°Ğ»Ğ°Ñ€ Ğ°Ğ¹Ñ‚Ğ¼Ğ°Ğ¹Ğ´Ğ¸Ğ³Ğ°Ğ½ ĞĞ·Ğ±ĞµĞºĞ¸ÑÑ‚Ğ¾Ğ½Ğ´Ğ°Ğ³Ğ¸ ÑĞ½Ğ³Ğ¸Ğ»Ğ¸ĞºĞ»Ğ°Ñ€Ğ½Ğ¸ Ñ‘Ñ€Ğ¸Ñ‚Ğ¸Ğ± Ğ±Ğ¾Ñ€Ğ°Ğ¼Ğ¸Ğ·! ÒšĞ¸Ğ·Ğ¸Ò› ĞœÑƒÒ³Ğ¸Ğ¼, Ğ”Ğ¾Ğ»Ğ·Ğ°Ñ€Ğ± Ğ²Ğ° Ò²Ğ°ÑĞ¶Ğ¾Ğ½Ğ»Ğ¸ Ğ¼Ğ°Ñ‚ĞµÑ€Ğ¸Ğ°Ğ»Ğ»Ğ°Ñ€...Ğ’Ğ¾Ò›ĞµĞ° Ğ²Ğ° Ñ…Ğ¾Ğ´Ğ¸ÑĞ°Ğ³Ğ° Ğ³ÑƒĞ²Ğ¾Ò³ Ğ±ÑĞ»Ğ´Ğ¸Ğ½Ğ³Ğ¸Ğ·Ğ¼Ğ¸ ğŸ‘€Ğ±Ğ¸Ğ·Ğ³Ğ° ÑĞ±Ğ¾Ñ€Ğ¸Ğ½Ğ³ @rasmiyxabarlarĞ“ÑƒĞ²Ğ¾Ñ…Ğ½Ğ¾Ğ¼Ğ° â„–1055939 Ğ´Ğ°Ğ½ 26.08.2019...",//static2.tgstat.ru/channels/_0/19/19619aa36c96960f16b045c5469e11c1.jpg,https://t.me/UZBEKISTANUZ,true,true,388721,24,0,94451,0,4480.0,"4",2022-11-12 19:23:58.182
cl8poyhgt0158i2e50t11kmim,SAMARQANDLIKLAR 24 | Rasmiy,"ğŸ“¢  Samarqandliklar-24.uz saytining rasmiy telegram kanali, #Yangiliklar.ğŸ”° Reklama ğŸ‘‰ @SamGroup24ğŸ“© Xabar yuborish @SamAloqa_bot..Barcha huquqlar himoyangan - All Rights Reservedâ—Youtube.com/Samarqandliklar24uzInstagram.com/Samarqandliklar_24",//static10.tgstat.ru/channels/_0/0b/0b382c91ff57abe09621f72937682e19.jpg,https://t.me/SAMARQANDLIKLAR24,true,true,365393,4,69,13535,0,1493.33,"4",2022-11-12 19:23:58.182
cl8poyhh20170i2e5ymkmtn8x,Solihon domla Muxlislariï¸,"Ğ’Ğ° Ğ­ÑĞ»Ğ°Ñ‚Ğ¸Ğ½Ğ³! ĞĞ»Ğ±Ğ°Ñ‚Ñ‚Ğ°, ÑÑĞ»Ğ°Ñ‚Ğ¸Ñˆ Ğ¼ÑĞ¼Ğ¸Ğ½Ğ»Ğ°Ñ€Ğ³Ğ° Ğ¼Ğ°Ğ½Ñ„Ğ°Ğ°Ñ‚ Ğ±ĞµÑ€ÑƒÑ€.(Ğ—Ğ¾Ñ€Ğ¸ÑÑ‚ ÑÑƒÑ€Ğ°ÑĞ¸ 55)ĞÒ›Ğ¸Ğ´Ğ°Ğ¼Ğ¸Ğ·: ĞÒ³Ğ»Ğ¸ ÑÑƒĞ½Ğ½Ğ° Ğ²Ğ°Ğ»-Ğ¶Ğ°Ğ¼Ğ¾ÑŠĞ°!ĞœĞ°Ğ·Ò³Ğ°Ğ±Ğ¸Ğ¼Ğ¸Ğ·: Ò²Ğ°Ğ½Ğ°Ñ„Ğ¸Ğ¹Ğ¨Ğ¸Ğ¾Ñ€Ğ¸Ğ¼Ğ¸Ğ·: ĞÒ³Ğ»Ğ¸ ÑÑƒĞ½Ğ½Ğ° Ğ²Ğ° Ğ¶Ğ°Ğ¼Ğ¾Ğ° Ğ¼Ğ°Ğ·Ò³Ğ°Ğ±Ğ¸ Ğ°ÑĞ¾ÑĞ¸Ğ´Ğ° Ğ¿Ğ¾Ğº Ğ°Ò›Ğ¸Ğ¹Ğ´Ğ° Ğ²Ğ° Ğ¼ÑƒÑĞ°Ñ„Ñ„Ğ¾ Ğ˜ÑĞ»Ğ¾Ğ¼Ğ³Ğ° Ğ¸Ğ½Ñ‚Ğ¸Ğ»Ğ¸Ñˆ.Taklif & Rek @solihon_domla_info_bot",//static1.tgstat.ru/channels/_0/cf/cfd4816403b3964b456a8a043608c7c6.jpg,https://t.me/solihon_domla_maruzalariuz,true,true,349414,8,68,29222,0,0.0,"8",2022-11-12 19:23:58.182
cl8powtn50674bqe5s6oh45w0,Maraqli.TV,âœ”ï¸ Maraqli.tv -nin rÉ™smi telegram kanalÄ±Reklamla vÉ™ É™mÉ™kdaÅŸlÄ±qla baÄŸlÄ±:+994552205568 (ğŸ“ Business Wp: ),//static7.tgstat.ru/channels/_0/eb/eb2e33072b0637cd909bd2ef874b55dc.jpg,https://t.me/maraqli_tv,true,true,240923,10,0,23979,0,0.0,,2022-11-12 19:23:58.182
cl8powtol0722bqe5t6kexszz,Ğ¢ĞµĞ·ĞºĞ¾Ñ€ Ñ…Ğ°Ğ±Ğ°Ñ€Ğ»Ğ°Ñ€ 24,ĞĞ·Ğ±ĞµĞºĞ¸ÑÑ‚Ğ¾Ğ½ Ğ²Ğ° Ğ¶Ğ°Ò³Ğ¾Ğ½ ÑĞ½Ğ³Ğ¸Ğ»Ğ¸ĞºĞ»Ğ°Ñ€Ğ¸ ĞºĞ°Ğ½Ğ°Ğ»Ğ¸.@zamon_adm,//static2.tgstat.ru/channels/_0/10/10c9124ad8aa1983ed159fad45aa9527.jpg,https://t.me/Tezkor_Xabarlar_Yangiliklar_24,true,true,236737,5,0,12642,0,3360.0,,2022-11-12 19:23:58.182
cl8poyhip0263i2e5eqpja158,Qoraxabar - Tezkor xabarlar | Rasmiy kanal,"ğŸ”ĞšĞĞ¢Ğ¢ĞĞ›ĞĞ  Ğ£Ğ§Ğ£Ğ!ğŸŒĞĞ·Ğ±ĞµĞºĞ¸ÑÑ‚Ğ¾Ğ½ Ğ²Ğ° Ğ–Ğ°Ò³Ğ¾Ğ½Ğ´Ğ°Ğ³Ğ¸ Ğ¼ÑƒÒ³Ğ¸Ğ¼ Ğ²Ğ¾Ò›ĞµĞ°Ğ»Ğ°Ñ€, ÑĞ½Ğ³ Ñ‚ĞµĞ·ĞºĞ¾Ñ€ Ğ²Ğ° Ğ¼Ğ°Ñ…Ñ„Ğ¸Ğ¹ Ñ…Ğ°Ğ±Ğ°Ñ€Ğ»Ğ°Ñ€!Ğ’Ğ¾Ò›ĞµĞ° Ñ‘ĞºĞ¸ Ò³Ğ¾Ğ´Ğ¸ÑĞ°Ğ½Ğ¸Ğ½Ğ³ Ğ³ÑƒĞ²Ğ¾Ò³Ğ¸ Ğ±ÑĞ»Ğ´Ğ¸Ğ½Ğ³Ğ¸Ğ·Ğ¼Ğ¸?Ğ£Ğ½Ğ´Ğ° Ğ±Ğ¸Ğ·Ğ³Ğ° ÑĞ±Ğ¾Ñ€Ğ¸Ğ½Ğ³: @Qoraxabar_adminâ˜ï¸Ğ ĞµĞºĞ»Ğ°Ğ¼Ğ°: @Qoraxabarda_reklama",//static3.tgstat.ru/channels/_0/26/26a4c385149dea672ab7586caa00b06d.jpg,https://t.me/Qoraxabar,true,true,309234,31,0,94578,0,2613.33,"10",2022-11-12 19:23:58.182
cl8poyhjo0311i2e5i79wt00e,QASHQADARYO AHLI,"ÒšĞ°ÑˆÒ›Ğ°Ğ´Ğ°Ñ€Ñ‘ Ğ²Ğ¸Ğ»Ğ¾ÑÑ‚Ğ¸Ğ´Ğ°Ğ³Ğ¸ ÑĞ½Ğ³ Ğ¹Ğ¸Ñ€Ğ¸Ğº Ğ²Ğ° Ğ¾Ğ¼Ğ¼Ğ°Ğ±Ğ¾Ğ¿, Ğ°Ñ…Ğ±Ğ¾Ñ€Ğ¾Ñ‚ ĞµÑ‚ĞºĞ°Ğ·ÑƒĞ²Ñ‡Ğ¸ â€œQASHQADARYO AHLIâ€ Ñ‚ĞµĞ»ĞµĞ³Ñ€Ğ°Ğ¼ ĞºĞ°Ğ½Ğ°Ğ»Ğ¸Ğ³Ğ° Ñ…ÑƒÑˆ ĞºĞµĞ»Ğ¸Ğ±ÑĞ¸Ğ·!Ğ ĞµĞºĞ»Ğ°Ğ¼Ğ° Ñ…Ğ¸Ğ·Ğ¼Ğ°Ñ‚Ğ¸: @Ziyobaxsh* Qashqadaryoahli.uz* instagram.com/qashqadaryo_ahli* youtube.com/c/qashqadaryo_ahli",//static2.tgstat.ru/channels/_0/a3/a3ef5146248b26a7c1bde7a09f4a7d91.jpg,https://t.me/Qashqadaryo_Qarshi_Shahrisabz_07,true,true,288383,14,77,40703,0,1493.33,"7",2022-11-12 19:23:58.182
cl8poyhke0350i2e5qsfowv7u,SOG'LOM HAYOT,"Ğ¡Ñ‚Ğ°Ñ‚Ğ¸ÑÑ‚Ğ¸ĞºĞ°Ğ³Ğ° ĞºÑÑ€Ğ° Ğ¸Ğ½Ñ‚ĞµÑ€Ğ½ĞµÑ‚Ğ´Ğ°Ğ½ Ñ‚Ğ¸Ğ±Ğ±Ğ¸Ğ¹ Ğ¼Ğ°ÑĞ»Ğ°Ò³Ğ°Ñ‚Ğ»Ğ°Ñ€ Ğ¸Ğ·Ğ»Ğ°Ğ³Ğ°Ğ½Ğ»Ğ°Ñ€ 58%Ğ½Ğ¸ Ñ‚Ğ°ÑˆĞºĞ¸Ğ» Ò›Ğ¸Ğ»Ğ°Ñ€ ÑĞºĞ°Ğ½.Ğ‘Ğ¸Ğ· ÑĞ¸Ğ·Ğ³Ğ° ÑĞ½Ğ³ Ğ¸ÑˆĞ¾Ğ½Ñ‡Ğ»Ğ¸ Ğ¼Ğ°ÑĞ»Ğ°Ò³Ğ°Ñ‚Ğ»Ğ°Ñ€Ğ½Ğ¸ Ğ±ĞµÑ€Ğ¸Ğ± Ğ±Ğ¾Ñ€Ğ°Ğ¼Ğ¸Ğ·, Ğ±Ğ¸Ğ· Ğ±Ğ¸Ğ»Ğ°Ğ½ Ğ¡Ğ¾Ò“Ğ»Ğ¾Ğ¼ Ò³Ğ°Ñ‘Ñ‚ ĞºĞµÑ‡Ğ¸Ñ€Ğ¸Ğ½Ğ³...Ğ ĞµĞºĞ»Ğ°Ğ¼Ğ° ÑƒÑ‡ÑƒĞ½ ğŸ‘‰ğŸ¼ @Skarpion",//static2.tgstat.ru/channels/_0/04/049671e28a386427e432b3370a22aae4.jpg,https://t.me/SoglomHayot,true,true,273182,18,0,47982,0,2613.33,"12",2022-11-12 19:23:58.182
cl8poyhln0418i2e5gmt4zqu2,YO'L-YO'LAKAY,"Kun davomida eng sara va so'nggi yangiliklar tafsiloti bilan YO'L-YO'LAKAY tanishtirib boramiz.  Voqea va hodisaga guvoh boâ€˜ldingizmi, videolaringizni bizga yuboring: @yyuzbotReklama boâ€˜yicha: @zorzoradsBizning sahifalarimiz: myurls.co/yolyolakay.uz",//static8.tgstat.ru/channels/_0/fd/fd37278dbae23fbff0b8bc66ece9e183.jpg,https://t.me/YOL_YOLAKAY,true,true,262463,35,0,93027,0,3360.0,"",2022-11-12 19:23:58.182
cl8poyhn60496i2e54xcqr4rc,Qalampir.uz I Ñ€Ğ°ÑĞ¼Ğ¸Ğ¹ ĞºĞ°Ğ½Ğ°Ğ»,"Qalampir.uz ÑĞ°Ğ¹Ñ‚Ğ¸Ğ½Ğ¸Ğ½Ğ³ Ñ€Ğ°ÑĞ¼Ğ¸Ğ¹ ĞºĞ°Ğ½Ğ°Ğ»Ğ¸Ğ‘Ğ¸Ğ·Ğ´Ğ° 24/7:ğŸ“¡ ĞĞ¼Ğ¼Ğ°Ğ±Ğ¾Ğ¿ ÑĞ½Ğ³Ğ¸Ğ»Ğ¸ĞºĞ»Ğ°Ñ€ğŸ”¥ Ğ Ğ°ÑĞ¼Ğ¸Ğ¹ Ñ…Ğ°Ğ±Ğ°Ñ€Ğ»Ğ°Ñ€ğŸ“‘ Ğ¢Ğ°Ò³Ğ»Ğ¸Ğ»Ğ¸Ğ¹ Ğ¼Ğ°Ò›Ğ¾Ğ»Ğ°Ğ»Ğ°Ñ€ğŸ“Œ Ğ ĞµĞºĞ»Ğ°Ğ¼Ğ°: @qalampir_marketing, +998(99)868-33-20â–«ï¸| LIVE â€” @qalampirliveâ–«ï¸| SPORT â€” @qalampirsport",//static8.tgstat.ru/channels/_0/9d/9d2a94578afaf9d49c96a8251a313683.jpg,https://t.me/qalampir,true,true,244858,36,0,88324,0,18666.67,"10",2022-11-12 19:23:58.182
cl8poyhoq0571i2e5rmplhck4,UZmir va MirağŸ¶ |Rasmiyï¸|,UZmir va Mira haqidagi eng tezkor Telegram kanaliga xush kelibsiz!ğŸ“¹ KliplarğŸ“» SeansğŸ§ Mp3larğŸ’° MinuslarğŸ“ Textlar -  @UZmir_Mira_textREKLAMA: @Muzic_ReklamaBu kanal sizga aniq yoqadi!   (PM URGANNI ALLOH URSINğŸ˜ŠğŸ–),//static4.tgstat.ru/channels/_0/fa/fa0dcea24c74129e75dd5a63075046fa.jpg,https://t.me/UZMIR_VA_MIRA_3,true,true,231600,7,0,16641,0,0.0,"13",2022-11-12 19:23:58.182
cl8poyhp00585i2e5qhj221ux,PAZANDACHILIK ğŸ§‘â€ğŸ³,ğŸ‘©ğŸ»â€ğŸ³ Assalomu alaykum  sarishta pazanda bekalar!ğŸ‘¨ğŸ»â€ğŸ’» Reklama uchun: @ReklamaMenedjer,//static9.tgstat.ru/channels/_0/c1/c1fd59a83f87f5f996b12f44493f451f.jpg,https://t.me/Pazandalik_Tortlar_Salatlar,true,true,230815,3,0,7252,0,0.0,"15",2022-11-12 19:23:58.182
cl8poyhpb0599i2e56vvn5heh,Kursinfo | Dollar - Rubl,ğŸ’± Kursinfouz â€“ Ğ”Ğ¾Ğ»Ğ»Ğ°Ñ€ Ğ²Ğ° Ğ ÑƒĞ±Ğ»ÑŒ ĞºÑƒÑ€ÑĞ»Ğ°Ñ€Ğ¸ Ğ±ÑĞ¹Ğ¸Ñ‡Ğ° ĞĞ·Ğ±ĞµĞºĞ¸ÑÑ‚Ğ¾Ğ½Ğ´Ğ°Ğ³Ğ¸ ÑĞ³Ğ¾Ğ½Ğ° Ñ€Ğ°ÑĞ¼Ğ¸Ğ¹ ĞºĞ°Ğ½Ğ°Ğ»!ğŸ¦ Ğ‘Ğ°Ğ½Ğº Ğ²Ğ° Ğ±Ğ¾Ğ·Ğ¾Ñ€Ğ´Ğ°Ğ³Ğ¸ ĞºÑƒÑ€ÑĞ»Ğ°Ñ€Ğ½Ğ¸ Ğ±Ğ¸Ğ· Ğ±Ğ¸Ğ»Ğ°Ğ½ Ñ‚ĞµĞ·ĞºĞ¾Ñ€ Ğ²Ğ° Ğ°Ğ½Ğ¸Ò› ĞºÑƒĞ·Ğ°Ñ‚Ğ¸Ğ± Ğ±Ğ¾Ñ€Ğ¸Ğ½Ğ³!ğŸ‘‰ Ğ ĞµĞºĞ»Ğ°Ğ¼Ğ° ÑƒÑ‡ÑƒĞ½: @DollarAgenti,//static10.tgstat.ru/channels/_0/02/02b2b55c65c7f568d35f84cb12f1eb96.jpg,https://t.me/kursinfo_dollar_rubl,true,true,229215,7,69,16681,0,1720.0,"16",2022-11-12 19:23:58.182
cl8poyhpl0613i2e53uvhrwli,NAMANGAN MOSHINA BOZOR,ğŸš™ğŸš— ĞĞ°Ğ¼Ğ°Ğ½Ğ³Ğ°Ğ½ ĞœĞ°ÑˆĞ¸Ğ½Ğ° Ğ±Ğ¾Ğ·Ğ¾Ñ€Ğ¸ Ğ¡Ğ¾Ñ‚Ğ¸Ğ½Ğ³ Ñ‘ĞºĞ¸ ÑĞ¾Ñ‚Ğ¸Ğ± Ğ¾Ğ»Ğ¸Ğ½Ğ³ğŸ“Ğ•Ğ»Ğ¾Ğ½ Ğ‘ĞµÑ€Ğ¸Ñˆ Ğ£Ñ‡ÑƒĞ½ @OnlayadminĞÑ€ĞµĞ½Ğ´Ğ° Ğ²Ğ° Ğ²Ğ°Ñ€Ğ¸Ğ°Ğ½Ñ‚Ğ³Ğ° Ğ¼Ğ¾ÑˆĞ¸Ğ½Ğ° ÑÑÑ€Ğ°Ğ¼Ğ°Ğ½Ğ³ĞšĞ°Ğ½Ğ°Ğ»Ğ¸Ğ¼Ğ¸Ğ· Ğ¿Ñ€Ğ¾ÑĞ¼Ğ¾Ñ‚Ñ€Ğ¸(ĞºÃ½Ñ€Ğ¸ÑˆĞ»Ğ°Ñ€ ÑĞ¾Ğ½Ğ¸) Ñ…Ğ°Ò›Ğ¸Ò›Ğ¸Ğ¹.ğŸ”– Ğ¢Ğ¸Ğ¶Ğ¾Ñ€Ğ¸Ğ¹ Ñ…Ğ°Ğ¼ĞºĞ¾Ñ€Ğ»Ğ¸Ğº ÑƒÑ‡ÑƒĞ½: @Vodiy_Menejeri,//static3.tgstat.ru/channels/_0/f1/f1e8a59f8bc5af0fb49011b88892878b.jpg,https://t.me/Avtobozor_Namangan_Moshina_Bozor,true,true,226010,5,0,11247,0,448.0,"1",2022-11-12 19:23:58.182
cl8poyhpv0627i2e5cnx6xkjk,Foydali LINK,"Reklama uchun â€” @manfa_adAgarda xolis, hech bir manfaat koÊ»zlamasdan bizga link taqdim etish niyatingiz boÊ»lsa, yuborish uchun â€” t.me/AkUmidjon/2",//static3.tgstat.ru/channels/_0/e5/e5dfad4279e689e2104bd862e1a50857.jpg,https://t.me/foydali_link,true,true,225699,14,0,32208,0,3733.33,"16",2022-11-12 19:23:58.182
cl8poyhq30639i2e5u9g9cvn6,Ğ¢ĞµĞ·ĞºĞ¾Ñ€ Ñ…Ğ°Ğ±Ğ°Ñ€Ğ»Ğ°Ñ€ | Ğ Ğ°ÑĞ¼Ğ¸Ğ¹ ĞºĞ°Ğ½Ğ°Ğ»,"âœ… Ğ¢ĞµĞ·ĞºĞ¾Ñ€ Ñ…Ğ°Ğ±Ğ°Ñ€Ğ»Ğ°Ñ€ | Ğ Ğ°ÑĞ¼Ğ¸Ğ¹ Telegram ĞºĞ°Ğ½Ğ°Ğ»Ğ³Ğ° Ğ¥ÑƒÑˆ ĞºĞµĞ»Ğ¸Ğ±ÑĞ¸Ğ·!


âš¡ï¸Ğ¤Ğ°Ò›Ğ°Ñ‚ Ñ‚Ğ°ÑĞ´Ğ¸Ò›Ğ»Ğ°Ğ½Ğ³Ğ°Ğ½ Ğ¼Ğ°ÑŠĞ»ÑƒĞ¼Ğ¾Ñ‚Ğ»Ğ°Ñ€, ÑĞ½Ğ³ ÑÑĞ½Ğ³Ğ³Ğ¸ Ñ‚ĞµĞ·ĞºĞ¾Ñ€ Ñ…Ğ°Ğ±Ğ°Ñ€Ğ»Ğ°Ñ€ Ğ²Ğ° Ğ´Ğ¾Ğ»Ğ·Ğ°Ñ€Ğ± ÑĞ½Ğ³Ğ¸Ğ»Ğ¸ĞºĞ»Ğ°Ñ€!


Ğ‘Ğ¸Ğ· Ğ±Ğ¸Ğ»Ğ°Ğ½ Ğ±Ğ¾Ò“Ğ»Ğ°Ğ½Ğ¸Ñˆ â€” @tezkor_livebot

â€¢

Ğ ĞµĞºĞ»Ğ°Ğ¼Ğ° ÑƒÑ‡ÑƒĞ½ â€” @tezkor24admin

â€¢

Ğ“ÑƒĞ²Ğ¾Ñ…Ğ½Ğ¾Ğ¼Ğ° â„–0659322 Ğ´Ğ°Ğ½ 15.02.21

â€¢",http://75.119.148.52/5853adfb6758a0d1192f368e5d3b57f7a5b3051a.jpg,https://t.me/tezkor24official,true,true,222512,41,73,92000,0,3212.0,"5",2022-11-12 19:23:58.182
cl8poyhqb0651i2e59ymvec1o,YANGI QUSHIQLARğŸ§,"ğŸµÑ…Ï…Ñ•Ğ½ Ä¸elÎ¹Ğ²Ñ•Î¹z. 

eng Ñ•o'ngÎ¹ Ñ…Î¹Ñ‚ Ğ²Î¹zda ğŸ–¤â˜ºï¸

âœµâ—¾ï¸Ğ²aÑ•Ñ• Ğ¼usÄ±c
âœµâ—¾ï¸Trap Ğ¼Ï…Ñ•Î¹c
âœµâ—¾ï¸reĞ¼Î¹Ñ… Ğ¼Ï…Ñ•Î¹c
âœµâ—¾ï¸clÏ…Ğ² Ğ¼Ï…Ñ•Î¹c
âœµâ—¾ï¸Ñ‚Ï…rÄ¸Î¹Ñ•Ğ½ Ğ¼Ï…Ñ•Î¹c
âœµâ—¾ï¸rÏ…Ñ•Ñ•Î¹an Ğ¼Ï…Ñ•Î¹c 
âœµâ—¾Ğ¼Ğ¾Ğ¾Ğ¼Ğ²Ğ°Ğ½ Ğ¼usÄ±c
âœµâ—¾ï¸New Ğ¼Ï…Ñ•Î¹c",//static9.tgstat.ru/channels/_0/29/296fb127263b16f4d42feb3ffd57632b.jpg,https://t.me/yangi_musiqalar_xit_qoshiqlarim,true,true,221136,4,0,7890,0,0.0,"10",2022-11-12 19:23:58.182
cl8poyhqk0663i2e5rnvxb0vt,PRIKOL VIDEOLAR ğŸ¥ ğŸ˜‚,Internet olamidagi eng so'ngi prikollar ğŸ˜‚Bizdağ©ğ«ğ¢ğ¤ğ¨ğ¥ ğ¯ğ¢ğğğ¨ğ¥ğšğ« ğŸ˜‚ğ©ğ«ğ¢ğ¤ğ¨ğ¥ ğ«ğšğ¬ğ¦ğ¥ğšğ« ğŸ˜‚ğ©ğ«ğ¢ğ¤ğ¨ğ¥ ğšğ®ğğ¢ğ¨ğ¥ğšğ«ğŸ˜‚ğğ«ğ¢ğ¤ğ¨ğ¥ ğ¥ğšğ­ğ¢ğŸğšğ¥ğšğ« ğŸ˜‚ğ©ğ«ğ¢ğ¤ğ¨ğ¥ ğŸğšğ¤ğ­ğ¥ğšğ« ğŸ˜‚Reklama  : @rek2uzXbet xarom(ishonmang),//static10.tgstat.ru/channels/_0/ee/ee9333325f96a353029b1d2d17f3348e.jpg,https://t.me/prikoll,true,true,218947,9,0,19790,0,1346.67,"3",2022-11-12 19:23:58.182
cl8poyhqs0675i2e5vrnljb0g,TORG CENTERÂ |Â Rasmiy kanal,â€œTORG CENTERâ€œning rasmiy Telegram-kanali.OÊ»zbekistonda va Jahonda boÊ»layotgan eng dolzarb xabarlardan birinchilardan boÊ»lib boxabar boÊ»ling.Reklama uchun: @spravkauzInstagram: https://rpst.uz/b8Y,//static10.tgstat.ru/channels/_0/ad/ada76b5ff982a962439e08c0e49acb0b.jpg,https://t.me/TCUZB,true,true,218819,50,64,110417,0,2986.67,"4",2022-11-12 19:23:58.182
cl8poyun922329i2e5t15kw7sz,Plastherm Official Kanal,Murojaat uchun:@Plastherm_DilshodAdmin:@Abdulaziz_Admin_official,//static1.tgstat.ru/channels/_0/f8/f80c55f784ced7736b70e93ecc81661b.jpg,https://t.me/plastherm_official,true,true,11105,5,0,584,0,133.33,"6",2022-11-12 19:23:58.182
cl8poyhr00687i2e54l2hud0i,Kun videolari 24,â­ï¸ ĞšÑƒĞ½ Ğ´Ğ°Ğ²Ğ¾Ğ¼Ğ¸Ğ´Ğ° ĞºĞ°Ğ½Ğ°Ğ»Ğ¸Ğ¼Ğ¸Ğ·Ğ´Ğ°:ğŸŒ ĞĞ·Ğ±ĞµĞºĞ¸ÑÑ‚Ğ¾Ğ½ Ğ²Ğ° Ğ–Ğ°Ñ…Ğ¾Ğ½ ÑĞ½Ğ³Ğ¸Ğ»Ğ¸ĞºĞ»Ğ°Ñ€Ğ¸ğŸ“‘ Ğ¤Ğ°Ò›Ğ°Ñ‚ ÑĞ½Ğ³Ğ¸ Ğ¼Ğ°Ğ²Ğ·ÑƒĞ»Ğ°Ñ€âš¡ï¸ Ğ¢ĞµĞ·ĞºĞ¾Ñ€Ğ»Ğ¸Ğºâœ… ĞĞ½Ğ¸Ò›Ğ»Ğ¸Ğº Ò³Ğ°Ğ¼Ğ´Ğ° Ñ€Ğ°ÑĞ¼Ğ¸Ğ¹ Ñ…Ğ°Ğ±Ğ°Ñ€Ğ»Ğ°Ñ€ğŸ“‘ Ğ ĞµĞºĞ»Ğ°Ğ¼Ğ° Ğ±ÑĞ¹Ğ¸Ñ‡Ğ° Ğ±Ğ¾Ò“Ğ»Ğ°Ğ½Ğ¸Ñˆ:ğŸ“  @KunVideolariAdmin,//static2.tgstat.ru/channels/_0/be/be5e1e6f6c0dc0a6a4aea4c9b8ac0f4c.jpg,https://t.me/Kunvideolari24,true,true,218780,14,0,31160,0,2240.0,"4",2022-11-12 19:23:58.182
cl8poyhr90699i2e527mx9c6c,Futbol Uzreport | TEZKOR GOLLAR,âœ… Futbol Muhlislari Uchun Ochilgan Kanalga Xush Kelibsiz!!!ğŸ— Yangiliklar  âš½ï¸ Onlayn Gollarâœ… Natijalar ğŸ“Š Turnir Jadvallari ğŸ“‰ Statistkalar ğŸ“¸ Fotolar ğŸ¥ Video RoliklarAdmin: @rek_fut,//static4.tgstat.ru/channels/_0/a3/a3437e7b00186e90f07e87a34e83c270.jpg,https://t.me/TEZKOR_GOLLAR_FUTBOL_TRANSFERLAR,true,true,214957,3,0,7150,0,0.0,"7",2022-11-12 19:23:58.182
cl8poyhrh0711i2e5gcmdxgn2,VKM Bot,ĞœÑƒĞ·Ñ‹ĞºĞ°Ğ»ÑŒĞ½Ñ‹Ğ¹ ĞºĞ°Ğ½Ğ°Ğ» | Musiqiy kanalâœµâ—¾ï¸Ğ²aÑ•Ñ• Ğ¼usÄ±câœµâ—¾ï¸Trap Ğ¼Ï…Ñ•Î¹câœµâ—¾ï¸reĞ¼Î¹Ñ… Ğ¼Ï…Ñ•Î¹câœµâ—¾ï¸clÏ…Ğ² Ğ¼Ï…Ñ•Î¹câœµâ—¾ï¸Ñ‚Ï…rÄ¸Î¹Ñ•Ğ½ Ğ¼Ï…Ñ•Î¹câœµâ—¾ï¸rÏ…Ñ•Ñ•Î¹an Ğ¼Ï…Ñ•Î¹c âœµâ—¾Ğ¼Ğ¾Ğ¾Ğ¼Ğ²Ğ°Ğ½ Ğ¼usÄ±câœµâ—¾ï¸New Ğ¼Ï…Ñ•Î¹c.  ... . ğŸ’°Reklama uchun:ğŸ‘‰  @Uzbek_Menejer..... . . .. . . . Bizdan uzoqlashmangâ—,//static9.tgstat.ru/channels/_0/1d/1d10468d9ef4a37c09d20db358f390ae.jpg,https://t.me/BOT_VkM_VKMBOT_TURKCHA_MUSIC,true,true,214214,3,0,6884,0,0.0,"13",2022-11-12 19:23:58.182
cl8poyhrp0723i2e5nq0g0ymw,ğŸ˜‚FAQAT_KULGIğŸ˜‚ Rasmiy,ğŸ’¥ ĞŸÑ€Ğ¸ĞºĞ¾Ğ» Ñ€Ğ°ÑĞ¼Ğ¸Ğ¹ ĞºĞ°Ğ½Ğ°Ğ» ğŸ’¯ğŸ“¸ ĞŸÑ€Ğ¸ĞºĞ¾Ğ» Ğ Ğ°ÑĞ¼Ğ»Ğ°Ñ€ ğŸŒğŸ¥ ĞŸÑ€Ğ¸ĞºĞ¾Ğ» Ğ’Ğ¸Ğ´ĞµĞ¾Ğ»Ğ°Ñ€ ğŸ¬ğŸ¤ ĞŸÑ€Ğ¸ĞºĞ¾Ğ» ĞÑƒĞ´Ğ¸Ğ¾Ğ»Ğ°Ñ€ ğŸ”ŠğŸ­ ĞŸÑ€Ğ¸ĞºĞ¾Ğ» Ğ›Ğ°Ñ‚Ğ¸Ñ„Ğ°Ğ»Ğ°Ñ€ğŸ˜€ğŸ‘†Aslo zerikmaysizâœ”ï¸ğŸ’° Reklama @Creator_0009Reklamadan boshqa mavzuda yozmang spam olasizğŸš«,//static3.tgstat.ru/channels/_0/47/47ce36ae45cee9b186cedf9d994e4b34.jpg,https://t.me/kulgi_kulgu_tiktok_instagram,true,true,212900,12,0,25205,0,0.0,"3",2022-11-12 19:23:58.182
cl8poyhrx0735i2e5l5ioiyp7,Rus tilini O'rganamiz,AÑÑĞ°Ğ»Ğ¾Ğ¼Ñƒ Ğ°Ğ»ĞµĞ¹ĞºÑƒĞ¼ ÑĞ¸Ğ· Ñ‚ĞµĞ»ĞµĞ³Ñ€Ğ°Ğ¼Ğ´Ğ°Ğ³Ğ¸ ÑĞ½Ğ³ ÑĞ¸Ñ„Ğ°Ñ‚Ğ»Ğ¸ Ğ ÑƒÑ Ñ‚Ğ¸Ğ»Ğ¸ ĞºĞ°Ğ½Ğ°Ğ»Ğ¸Ğ´Ğ°ÑĞ¸Ğ· Ğ¸ÑˆĞ¾Ğ½Ğ¸Ğ½Ğ³Ğ¢Ğ°ĞºĞ»Ğ¸Ñ„Ğ»Ğ°Ñ€ ÑƒÑ‡ÑƒĞ½  @Rustili_admini ğŸ’µĞ ĞµĞºĞ»Ğ°Ğ¼Ğ° ÑƒÑ‡ÑƒĞ½ @Reklama_xizmati4343Ğ ĞµĞºĞ»Ğ°Ğ¼Ğ° Ğ½Ğ°Ñ€Ñ…Ğ»Ğ°Ñ€Ğ¸ğŸ‘‡https://telegram.me/joinchat/U0zM8Fm-Fi_TeZMS,//static10.tgstat.ru/channels/_0/1b/1bf0da5487536df4ffaf5733e1ba7c5c.jpg,https://t.me/rustili_tilini_ruscha,true,true,211946,12,0,25828,0,2240.0,"17",2022-11-12 19:23:58.182
cl8poyhs60749i2e53myt38dw,ÒšĞ°ÑˆÒ›Ğ°Ğ´Ğ°Ñ€Ñ‘ ÑÑŠĞ»Ğ¾Ğ½Ğ»Ğ°Ñ€Ğ¸,Ğ ĞµĞºĞ»Ğ°Ğ¼Ğ° Ğ²Ğ° ÑÑŠĞ»Ğ¾Ğ½ Ğ±ĞµÑ€Ğ¸Ñˆ ÑƒÑ‡ÑƒĞ½ @Qashqadaryo_admin Ğ³Ğ° Ñ‘Ğ·Ğ¸Ğ½Ğ³ğŸ’°Ğ¢ĞµĞ»ĞµĞ³Ñ€Ğ°Ğ¼ Ñ‚Ğ°Ñ€Ğ¼Ğ¾Ò“Ğ¸Ğ´Ğ°Ğ³Ğ¸ ÑĞ½Ğ³ Ğ¾Ğ¼Ğ¼Ğ°Ğ±Ğ¾Ğ¿  ÑĞ°Ğ²Ğ´Ğ¾ ĞºĞ°Ğ½Ğ°Ğ»Ğ¸ â€œÒšĞ°ÑˆÒ›Ğ°Ğ´Ğ°Ñ€Ñ‘ ÑÑŠĞ»Ğ¾Ğ½Ğ»Ğ°Ñ€â€ Ğ³Ğ° Ñ…ÑƒÑˆ ĞºĞµĞ»Ğ¸Ğ±ÑĞ¸Ğ·ÒšĞ°ÑˆÒ›Ğ°Ğ´Ğ°Ñ€Ñ‘Ğ´Ğ°Ğ³Ğ¸ Ğ±Ğ¾Ğ·Ğ¾Ñ€ ĞºĞ°Ğ½Ğ°Ğ»Ğ»Ğ°Ñ€Ğ¸ Ñ€ÑĞ¹Ñ…Ğ°Ñ‚Ğ¸Ğ´a ÑĞ½Ğ³ ĞºÑĞ¿ Ğ°ÑŠĞ·Ğ¾Ğ³Ğ° ÑĞ³Ğ° ĞºĞ°Ğ½Ğ°Ğ»,//static8.tgstat.ru/channels/_0/f7/f70d6c4d780d3a3f5d4cbe3de70aa1a4.jpg,https://t.me/Qashqadaryo_Shahrisabz_Qarshilik,true,true,211870,9,70,18404,0,400.0,"6",2022-11-12 19:23:58.182
cl8poyhsf0763i2e58b0lxi2t,Sirdaryo Xabarlari,@Sirdaryo â€” Ğ¢ĞµĞ·ĞºĞ¾Ñ€ Ğ²Ğ° Ğ¸ÑˆĞ¾Ğ½Ñ‡Ğ»Ğ¸ Ñ…Ğ°Ğ±Ğ°Ñ€Ğ»Ğ°Ñ€ âœ“ğŸ“¡ ĞĞ¼Ğ¼Ğ°Ğ±Ğ¾Ğ¿ ÑĞ½Ğ³Ğ¸Ğ»Ğ¸ĞºĞ»Ğ°Ñ€ğŸ”¥ Ğ Ğ°ÑĞ¼Ğ¸Ğ¹ Ñ…Ğ°Ğ±Ğ°Ñ€Ğ»Ğ°Ñ€ğŸ“Œ Ğ ĞµĞºĞ»Ğ°Ğ¼Ğ°: @SirdaryoReklamağŸ“© ĞœÑƒÑ€Ğ¾Ğ¶Ğ°Ğ°Ñ‚ ÑƒÑ‡ÑƒĞ½: @SirdaryoBOT,//static9.tgstat.ru/channels/_0/bf/bfdf3e040e67936848aa232d2dfe3d03.jpg,https://t.me/Sirdaryo,true,true,210693,18,0,38173,0,1120.0,"10",2022-11-12 19:23:58.182
cl8poyhsn0775i2e5zfcm1aqy,UZBEK VIDEO CHANNEL,"ğŸ”ŠğŸ¶Eng so'nggi xabarlar, videokliplar, prikollar bizning kanalda, do'stlaringiz bilan ulashingğŸ”ŠğŸ¶Taklif, murojaatlar va yangiliklar bo'lsa shu bot orqali yuboringlar ğŸ‘‰ @uzbvideos_bot",//static9.tgstat.ru/channels/_0/12/1255b7377e2e41a81cd9ac9e0aea9739.jpg,https://t.me/uzbekvideo,true,true,206826,49,0,102166,0,0.0,"3",2022-11-12 19:23:58.182
cl8poyhsv0787i2e5mjqr6k9b,ğŸŒ±Uncha-Muncha,"Ğ£Ğ½Ñ‡Ğ°-ĞœÑƒĞ½Ñ‡Ğ° - ĞšÑƒĞ½ Ğ±Ğ¾Ñ‚Ğ³ÑƒĞ½Ñ‡Ğ°...

Ğ’Ğ¸Ğ´ĞµĞ¾Ğ»Ğ°Ñ€Ğ½Ğ¸ Ğ¶ÑĞ½Ğ°Ñ‚Ğ¸Ñˆ Ğ²Ğ° Ğ±Ğ¾ÑˆÒ›Ğ° Ğ¼Ğ°Ğ²Ğ·ÑƒĞ»Ğ°Ñ€ Ğ±ÑĞ¹Ğ¸Ñ‡Ğ°:
@UM24BOT

Ğ ĞµĞºĞ»Ğ°Ğ¼Ğ° Ğ±ÑĞ¹Ğ¸Ñ‡Ğ°:
@newline24

.",http://75.119.148.52/a28320ecad3ce5ad39bfbe6a60e98b0c107175b2.jpg,https://t.me/unchamuncha,true,true,205418,37,0,75000,0,2141.33,"5",2022-11-12 19:23:58.182
cl8poyht30799i2e5zqbxfr3t,TREND MUZIKğŸµ,ğŸµ ASaloĞ¼aleyÄ¸Ï…Ğ¼ Ñ…Ï…Ñ•Ğ½ Ä¸elÎ¹Ğ²Ñ•Î¹z. Eng Ñ•o'ngÎ¹ Ñ…Î¹Ñ‚ Ğ¼Ï…Ñ•Î¹clar Ğ²Î¹zda ğŸŒšğŸ–¤  âƒâ–ªï¸ #Rap  â„³Ï…sÎ¹Câƒâ–ªï¸ #Remix âƒâ–ªï¸ #Club â„³Ï…sÎ¹Câƒâ–ªï¸ #Bass  @Qoshiq_JoylashAdmin vs Rek: @TM_creator Kanalimizdagi stavka reklamalarga ishonmanglar Online Magazinâœ…: @Arzon_Magazins,//static10.tgstat.ru/channels/_0/af/af4b1c7e4e73ec3f7352c834050f1ff7.jpg,https://t.me/TREND_MUSIKALAR_XITMUZ_NASHIDALA,true,true,204780,3,0,5729,0,533.33,"5",2022-11-12 19:23:58.182
cl8poyhtb0811i2e5fzm956o1,SALATLAR ğŸ¥— TO'RTLAR,Reklama uchun: @Gold_AdminmanÂ© KELINCHAKHDğŸ‚ #Ğ ĞµÑ‚Ñ†ĞµĞ¿Ñ‚ğŸ¥— #Ğ¡Ğ°Ğ»Ğ°Ñ‚Ğ»Ğ°Ñ€ğŸ€ #Ğ¢Ğ°Ğ¾Ğ¼Ğ»Ğ°Ñ€O'zingiz pishirgan taomlarni adminga yuboringBiz kanalga joylaymiz âœ”ï¸,//static4.tgstat.ru/channels/_0/d2/d24cc051acd29cdd7a1b4e8bbb4682ad.jpg,https://t.me/TAOMLAR_SALATLAR_TORTLAR,true,true,204525,3,60,6089,0,0.0,"15",2022-11-12 19:23:58.182
cl8poyhtj0823i2e52jjcr3am,AXBOROT LIVE | Ğ Ğ°ÑĞ¼Ğ¸Ğ¹ ĞºĞ°Ğ½Ğ°Ğ»,"Axborot Live ĞºĞ°Ğ½Ğ°Ğ»Ğ¸Ğ´Ğ° ÑĞ¸Ğ· ĞºÑƒĞ½ Ğ´Ğ°Ğ²Ğ¾Ğ¼Ğ¸Ğ´Ğ°:

ğŸ“ŒĞ­Ğ½Ğ³ ÑÑĞ½Ğ³Ğ¸ ÑĞ½Ğ³Ğ¸Ğ»Ğ¸ĞµĞ»Ğ°Ñ€;
ğŸ‡ºğŸ‡¿ĞĞ·Ğ±ĞµĞºĞ¸ÑÑ‚Ğ¾Ğ½ ÑĞ½Ğ³Ğ¸Ğ»Ğ¸ĞºĞ»Ğ°Ñ€Ğ¸;
ğŸ¥Ğ­Ğ½Ğ³ Ğ·ÑÑ€ Ğ²Ğ¸Ğ´ĞµĞ¾Ğ»Ğ°Ñ€;
âœï¸ĞŸÑ€ĞµĞ·Ğ¸Ğ´ĞµĞ½Ñ‚Ğ½Ğ¸Ğ½Ğ³ ÑÑĞ½Ğ³Ğ¸ Ò›Ğ°Ñ€Ğ¾Ñ€Ğ»Ğ°Ñ€Ğ¸;
âš½ï¸Ğ¡Ğ¿Ğ¾Ñ€Ñ‚ Ğ²Ğ° Ñ„ÑƒÑ‚Ğ±Ğ¾Ğ» ÑĞ½Ğ³Ğ¸Ğ»Ğ¸ĞºĞ»Ğ°Ñ€Ğ¸:

ğŸ’°Ğ ĞµĞºĞ»Ğ°Ğ¼Ğ° ğŸ‘‡

@uzbek_great

.

.

.


.

.

.

.",http://75.119.148.52/358027cba608f0ab5f11747cf2b020cd8cfe96b0.jpg,https://t.me/axborot_shopirlar,true,true,203058,9,83,18009,0,1560.0,"5",2022-11-12 19:23:58.182
cl8poyhtr0835i2e58cl1247a,NAMANGAN TELEFON BOZOR,"ğŸ“±Namangandagi ENG KATTA VA OMMABOP telefon bozor kanaliga xush kelibsiz


ğŸ‘¨â€ğŸ’»Eâ€™lon berish uchun 
ğŸ‘‰  @Telefon_agenti ga yozing



ĞšĞ°Ğ½Ğ°Ğ»Ğ¸Ğ¼Ğ¸Ğ· Ğ¿Ñ€Ğ¾ÑĞ¼Ğ¾Ñ‚Ñ€Ğ¸(ĞºÃ½Ñ€Ğ¸ÑˆĞ»Ğ°Ñ€ ÑĞ¾Ğ½Ğ¸) Ñ…Ğ°Ò›Ğ¸Ò›Ğ¸Ğ¹


ğŸ”– Ğ¢Ğ¸Ğ¶Ğ¾Ñ€Ğ¸Ğ¹ Ñ…Ğ°Ğ¼ĞºĞ¾Ñ€Ğ»Ğ¸Ğº ÑƒÑ‡ÑƒĞ½: @Vodiy_Menejeri",https://data-img.socialjet.pro/b7b23e1725d020784ef052f0da5e749ec08ccfca.jpg,https://t.me/NAMANGAN_TELEFON_BOZOR_TELFON,true,true,202101,2,0,4984,0,0.0,"18",2022-11-12 19:23:58.182
cl8poyhtz0849i2e5oxn3b12i,QUVA YANGILIKLAR | ĞšĞ£Ğ’ĞĞ›Ğ˜ĞšĞ›ĞĞ ,Ğ¡Ğ¸Ğ· ĞšÑƒĞ²Ğ°Ğ´Ğ°Ğ³Ğ¸ ÑĞ½Ğ³ Ğ¹Ğ¸Ñ€Ğ¸Ğº Ğ²Ğ° ÑĞ½Ğ³ Ğ·ÑÑ€ ĞºĞ°Ğ½Ğ°Ğ»Ğ¸Ğ´Ğ°ÑĞ¸Ğ·ğŸ‘ğŸ˜Ğ•Ğ½Ğ³ ÑÑĞ½Ğ³Ğ¸ ÑĞ½Ğ³Ğ¸Ğ»Ğ¸ĞºĞ»Ğ°Ñ€ ÑˆÑƒ ĞºĞ°Ğ½Ğ°Ğ»Ğ´Ğ° ĞºĞµĞ¹Ğ¸Ğ½ Ğ±Ğ¾ÑˆĞºĞ° ĞºĞ°Ğ½Ğ°Ğ»Ğ»Ğ°Ñ€Ğ´Ğ°ğŸ‘ŒĞ ĞµĞºĞ»Ğ°Ğ¼Ğ° Ğ½Ğ°Ñ€Ñ…Ğ»Ğ°Ñ€Ğ¸ğŸ‘‰ @quvaa_reklamaĞ¢ĞµĞ·ĞºĞ¾Ñ€ ÑĞ½Ğ³Ğ¸Ğ»Ğ¸ĞºĞ»Ğ°Ñ€Ğ½Ğ¸ Ğ±Ğ¸Ğ·Ğ³Ğ° ÑĞ±Ğ¾Ñ€Ğ¸Ğ½Ğ³ğŸ‘‰ @HAZRAT_N1Ğ¢ĞµĞ»: +998 33 889 98 98,//static3.tgstat.ru/channels/_0/45/459ad01baee40fd96190816d49fe4999.jpg,https://t.me/quvaliklar_quvalilar,true,true,201422,2,0,4616,0,1941.33,"8",2022-11-12 19:23:58.182
cl8poyhu70861i2e5dga1cec5,Ğ‘Ğ°ÑÑ ĞœÑƒĞ·Ñ‹ĞºĞ° ğŸ¶ğŸ”¥,Eng So'ngi XiT TaronalarğŸµ VideoğŸ¥ va Rasmlar ğŸ“¸ Tashaladigan Kanalga Xush Kelibsiz ğŸŒšğŸ‘‡Bass Music ğŸ”ŠğŸ”¥TiK ToK Trend MusicğŸ’¥ğŸµUzbek music ğŸ‡ºğŸ‡¿ ğŸµTurk music ğŸ‡¹ğŸ‡·ğŸµRussian music ğŸ‡·ğŸ‡ºğŸµ Reklama uchun: @Menedjer_010,//static10.tgstat.ru/channels/_0/46/466f41af1b09b034fc3d9b5224fb3cd6.jpg,https://t.me/Bassmusic_vorovskoy_gudok,true,true,200083,3,76,5117,0,1493.33,"2",2022-11-12 19:23:58.182
cl8poyhug0873i2e5fhg1bksr,ğŸ‘°ğŸ» KELINCHAKHD â¤ï¸,Reklama: @Gold_AdminmanTelegramdagi @KELINCHAKHD ğŸ‘°rasmiy kanali ğŸ‘—Milliy va Zamonaviy Liboslarâœ‚ï¸Tikuvchi ijodlariğŸ’•Biz bilan aslo zerikmaysizâœ”ï¸ğŸ—“ Yaratilgan Sana: 8.08.2019 Yil !Â© KELINCHAKHD,//static6.tgstat.ru/channels/_0/6c/6c82b11589e1e8d2ed2d33c81f1cd9b1.jpg,https://t.me/modalar_kelinchak_fasonlar_yozgi,true,true,198436,3,0,6140,0,0.0,"19",2022-11-12 19:23:58.182
cl8poyhur0887i2e5seeackii,Xorazmliklar | Ğ Ğ°ÑĞ¼Ğ¸Ğ¹ ĞºĞ°Ğ½Ğ°Ğ»,"Xorazm viloyatidagi birinchi raqamli eng katta va eng ommabop axborotlarni yetkazib boruvchi @Xorazmliklar kanaliga xush kelibsiz!

ğŸ”¹ Instagram.com/XorazmliklarUz
ğŸŒ www.Xorazmliklar.uz

ğŸ“© Xabar yuborish: @Xorazmlik_Bot

ğŸ’°Reklama uchun: @iKhorezm",http://75.119.148.52/030c07d78830eeca2ea39609b3e7b484059fe7a5.jpg,https://t.me/xorazmliklar,true,true,198160,26,0,50842,0,356.0,"5",2022-11-12 19:23:58.182
cl8poyhv00899i2e51glwsxpd,JIZZAXLIKLARğŸ‡ºğŸ‡¿,"âœ…Jizzaxda eng katta,birinchi,ommabop vayagona rasmiy kanalwww.jizzax.uzTezkor xabarlar,Yangi videolar.Reklama pullikğŸ‘‰ @JizzaxReklama_botGuvohnoma â„–921631Instagram.com/Jizzaxliklar Hamkor@JIZZAXBOZOR",//static10.tgstat.ru/channels/_0/7b/7be4dfa900b03d8e33b761d1e0663475.jpg,https://t.me/Jizzax,true,true,197568,26,0,52117,0,0.0,"4",2022-11-12 19:23:58.182
cl8poyhv90911i2e53qyn0i8t,TIK TOK VIDEOLAR,Prikol VideolarğŸ˜‚Tik Tok VideolarğŸ˜YoTube VideolarğŸ˜Instagram VideolarğŸ˜²Eng sara videolarğŸ“½ğŸµBizning kanalda barchasiProsmotr va Glabaldan tushurvchi nakrutka oâ€˜rgani Hudoga soldim ilohim,//static1.tgstat.ru/channels/_0/c1/c16330754fe0e205cb83841b656a92cf.jpg,https://t.me/Tik_Tok_Videolar_Prikollar_Kulgu,true,true,197437,2,0,4926,0,0.0,"3",2022-11-12 19:23:58.182
cl8poyhvi0923i2e55u24civ1,Jizzaxliklar | Ğ–Ğ¸Ğ·Ğ·Ğ°Ñ…Ğ»Ğ¸ĞºĞ»Ğ°Ñ€,"Ğ¡Ğ¸Ğ· Ñ‚ĞµĞ»ĞµĞ³Ñ€Ğ°Ğ¼Ğ´Ğ°Ğ³Ğ¸ Ğ‘Ğ˜Ğ Ğ˜ĞĞ§Ğ˜ Ğ²Ğ° Ğ ĞĞ¡ĞœĞ˜Ğ™ Ğ±ÑĞ»Ğ³Ğ°Ğ½ Â«Ğ–Ğ˜Ğ—Ğ—ĞĞ¥Ğ›Ğ˜ĞšĞ›ĞĞ Â» ĞºĞ°Ğ½Ğ°Ğ»Ğ¸Ğ´Ğ°ÑĞ¸Ğ·â—

ğŸŒ Ğ–Ğ¸Ğ·Ğ·Ğ°Ñ…Ğ´Ğ°Ğ³Ğ¸ Ğ±ÑĞ»Ğ°Ñ‘Ñ‚Ğ³Ğ°Ğ½ Ñ‚ÑƒÑ€Ğ»Ğ¸ Ñ…Ğ°Ğ±Ğ°Ñ€Ğ»Ğ°Ñ€Ğ´Ğ°Ğ½ Ò³Ğ°Ğ¼Ğ´Ğ° ÑĞ½Ğ³ ÑÑĞ½Ğ³Ğ¸ ÑĞ½Ğ³Ğ¸Ğ»Ğ¸ĞºĞ»Ğ°Ñ€Ğ´Ğ°Ğ½ Ñ…Ğ°Ğ±Ğ°Ñ€Ğ´Ğ¾Ñ€ Ğ±ÑĞ»Ğ¸Ğ½Ğ³!

Ğ‘Ğ°Ñ€Ñ‡Ğ° Ñ…ÑƒÒ›ÑƒÒ›Ğ»Ğ°Ñ€ Ñ…Ğ¸Ğ¼Ğ¾ÑĞ»Ğ°Ğ½Ğ³Ğ°Ğ½ - All Rights Reservedâ—

Ğ Ğ•ĞšĞ›ĞĞœĞ ÑƒÑ‡ÑƒĞ½ : @JIZZAX_MANAGER",https://data-img.socialjet.pro/1b1815c8c530273967627f68f6909f9d413505f1.jpg,https://t.me/Jizzaxliklar_Info_Paxtakor_Zomin,true,true,196627,3,0,6660,0,373.33,"4",2022-11-12 19:23:58.182
cl8poyhvz0935i2e534kloisz,ğŸ‘— MODALAR ğŸ‘—KO'YLAKLAR,ğŸ‘¸ğ‘¬ğ’ğ’ˆ ğ’”ğ’'ğ’ğ’ˆğ’Š ğ’‡ğ’‚ğ’”ğ’ğ’ğ’ğ’‚ğ’“ ğ’›ğ’‚ğ’ğ’ğ’ğ’‚ğ’—ğ’Šğ’š ğ’ğ’ğ’…ğ’‚ğ’ğ’‚ğ’“ ğ’†ğ’ğ’ˆ ğ’”ğ’'ğ’ğ’ˆğ’Š ğ’›ğ’‚ğ’ğ’ğ’ğ’‚ğ’—ğ’Šğ’š ğ’Œğ’†ğ’ğ’Šğ’ ğ’Œğ’'ğ’šğ’ğ’‚ğ’Œğ’ğ’‚ğ’“ ğŸ…šï¸Reklama: @Gold_Adminman,//static10.tgstat.ru/channels/_0/a1/a11cc95dfb79c404bff8652302a197b6.jpg,https://t.me/Fasonlar_Modalar_Kuylaklar_Kuzgi,true,true,196531,5,59,8893,0,0.0,"19",2022-11-12 19:23:58.182
cl8poyhw70947i2e5vyj154ps,TOSHKENT 24 | TEZKOR XABARLARI,"TOSHKENT24 - Hududdagi eng tezkor yangiliklar va videolar yetkazib beruvchi birinchi raqamli kanalga xush kelibsiz!

âš¡Reklama xizmat: @ReklamaAgent_Info

ğŸ“© Xabar yuborish: @ReklamaAgent_Info",https://data-img.socialjet.pro/7de7bf1895d1c5b02986c383e8201b65eaf9c50a.jpg,https://t.me/Toshkent,true,true,196224,48,0,95130,0,5386.67,"2",2022-11-12 19:23:58.182
cl8poyhwf0959i2e5l45c0acw,Dunyoda,Javobini bilish uchun kanalimizga aÊ¼zo boÊ»ling Reklama uchun ğŸ‘‡https://t.me/sifatliuz,//static10.tgstat.ru/channels/_0/19/19c7fe69b8f786e7b4534bc093aee2da.jpg,https://t.me/dunyoda_qiziqarli_videolar,true,true,195909,16,0,30460,0,1493.33,"",2022-11-12 19:23:58.182
cl8poyhwo0971i2e5fk9cn7cj,AFGANA MUZğŸ‡¦ğŸ‡«,ğŸ–¤  Eng Ñ•o'ngÎ¹ Ñ…Î¹Ñ‚ Ğ¼Ï…Ñ•Î¹clar olaĞ¼Î¹ga Ñ…Ï…Ñ•Ğ½ Ä¸elÎ¹Ğ²Ñ•Î¹z ğŸ¥€XaĞ¼Ğ¼aÑ•Î¹ oldÎ¹nda ğŸ˜… Ñ•aĞ²r...â¤ï¸ğ–¤“ Ñ…Î¹Ñ‚ Ğ¼Ï…Ñ•Î¹c 2022+ğ–¤“ Ğ¼ooĞ¼Ğ²aĞ½ Ğ¼Ï…Ñ•Î¹cğ–¤“ rÏ…Ñ•Ñ•Î¹an Ğ¼Ï…Ñ•Î¹cğ–¤“ Ğ²aÑ•Ñ• Ğ¼Ï…Ñ•Î¹c ğ–¤“ reĞ¼Î¹Ñ… Ğ¼Ï…Ñ•Î¹cğ–¤“ clÏ…Ğ² Ğ¼Ï…Ñ•Î¹cğŸ’° adĞ¼Î¹n: @txt_paderjka@Social_Energy_UZ Jadval http://tg.segroup.me,//static4.tgstat.ru/channels/_0/ff/ffaaeee8c03b3ee229f133e51446da8d.jpg,https://t.me/Bass_music_Trend_muz_Afgana_muz,true,true,194687,14,0,26366,0,3360.0,"4",2022-11-12 19:23:58.182
cl8poyhwx0983i2e55pdrju1p,TREND MUZICğŸµ,Assalomu Alaykum azizlar! Kanalimizni kuzatib boring.ğŸµ Sizlar uchun eng xit qo'shiqlarni taqdim etamiz.CREATOR: @my_safarovReklama: @REK_MEGA,//static4.tgstat.ru/channels/_0/83/833579eb7d6f7c3fc75a7cddfa16d96e.jpg,https://t.me/UZBEKCHA_QOSHIQLAR_QUSHIQLAR,true,true,194665,2,0,4300,0,0.0,"5",2022-11-12 19:23:58.182
cl8poyhx50995i2e5xhl1fubs,ğŸ§TARONAM_UZ MUSIQALAR,ğŸ§Eng sara xit taronalarğŸ¬Video Premyeralarâœ…Birinchi bizda ğŸ˜‰ğŸ”´YouTube: http://youtube.com/TaronamUzğŸ”´Instagram: http://instagram.com/TaronaM.UzğŸ’»Reklama Uchun ğŸ‘‰ @TaronaM_Reklama,//static6.tgstat.ru/channels/_0/7f/7fedccb8ccfca549b665e034572f733d.jpg,https://t.me/TaronaM_Uz_Muzika_Reklama_Bassmu,true,true,190429,4,64,8350,0,1866.67,"2",2022-11-12 19:23:58.182
cl8poyhxd1007i2e585nltgu7,ÑĞ¾ ÑĞ¼Ñ‹ÑĞ»Ğ¾Ğ¼ | ÑĞ¾Ñ…Ñ€Ñ‹ | Ñ†Ğ¸Ñ‚Ğ°Ñ‚Ñ‹ | ÑĞ·Ñ‹ĞºĞ¸,"Ğ¾Ğ±Ñ€Ğ°Ñ‚Ğ½Ğ¾ Ğ½ĞµĞ»ÑŒĞ·Ñ, Ğ¿Ğ¾Ğ´Ğ½Ğ¸Ğ¼Ğ°ĞµĞ¼ÑÑ Ğ²Ñ‹ÑˆĞµğŸ–¤Â© souls beat together cĞ¾Ğ·Ğ´Ğ°Ñ‚ĞµĞ»ÑŒ :@distamovÑ€ĞµĞºĞ»Ğ°Ğ¼Ğ°: @dpr_media@social_energy Ğ³Ñ€Ğ°Ñ„Ğ¸Ğº Ğ¸ Ğ¿Ñ€Ğ°Ğ¹Ñ: tg.seads.meĞ¾Ñ‚Ğ·Ñ‹Ğ²Ñ‹:@dpr_otzivÑÑÑ‹Ğ»ĞºĞ° Ğ½Ğ° ĞºĞ°Ğ½Ğ°Ğ» :t.me/mind_ru",//static2.tgstat.ru/channels/_0/8f/8f4526264883ad72976a4033c74b66d3.jpg,https://t.me/mind_ru,true,true,188391,7,48,13482,0,2666.67,"20",2022-11-12 19:23:58.182
cl8poyhxn1021i2e55qu3z367,Abituriyent | Axborot portali,@Abituriyent | Axborot portalining rasmiy telegram sahifasiga xush kelibsiz!- Biz orqali eng muhim va dolzarb ma'lumotlar bilan tanishib boring.ğŸ“© Aloqa: @abituriyent_aloqabotğŸ“¬ Reklama: https://t.me/+SwAo-YikrkZzu9el,//static2.tgstat.ru/channels/_0/7b/7b8930a04f30524376a403e170ed8d7f.jpg,https://t.me/Abituriyent_DTMuzb_DTM_uz,true,true,187900,18,57,33628,0,0.0,"2",2022-11-12 19:23:58.182
cl8poyhxv1033i2e53ihl6cow,ğŸ¥ KAMEDIYA | PRIKOL VIDEOLAR ğŸŒ€,ğŸ˜‚ĞŸĞ Ğ˜ĞšĞĞ› Ğ’Ğ˜Ğ”Ğ•ĞğŸ˜‚ ĞŸĞ Ğ˜ĞšĞĞ› ĞĞ’Ğ˜Ğ”Ğ•ĞğŸ‘ ÒšĞ˜Ğ—Ğ˜ÒšĞĞ Ğ›Ğ˜ Ğ’Ğ˜Ğ”Ğ•Ğâœ… Ğ¡ĞĞĞ“Ğ˜ Ğ’Ğ˜Ğ”Ğ•ĞĞ›ĞĞ  Ğ‘Ğ˜Ğ—Ğ”ĞğŸ“£ Ğ¡Ğ˜Ğ— Ğ­ĞĞ“ Ğ—ĞĞ  ĞšĞĞĞĞ›Ğ”ĞĞ¡Ğ˜Ğ—ğ…ğ€ğğ€ğ“ ğ„ğğ† ğ’ğ€ğ‘ğ€ğ‹ğ€ğ‘ğˆ ğ’ğˆğ™ğ‹ğ€ğ‘ ğ”ğ‚ğ‡ğ”ğReklama @RESPUBLIKA,//static4.tgstat.ru/channels/_0/fe/feb3be5ff2d72ba4e2f2d93546c4ba63.jpg,https://t.me/kamediya_prikol_videolar_kulgu,true,true,187359,3,0,5713,0,0.0,"3",2022-11-12 19:23:58.182
cl8poyhy41045i2e5a7yfp1as,TRANSFERLAR 2022 ğŸ‡ºğŸ‡¿ (Rasmiy kanal),Telegram tarmog'ida ğŸŒDunyo Futbol â™»Transfer yangiliklarini yoritib boruvchi O'rta Osiyodagi eng katta #Rasmiy kanal âœ…ğŸ’°Reklama uchunğŸ‘‡@BEST_CHANNELS24Reklama: @Social_Energy_UZ Jadval va narx: tg.segroup.me?uz ğŸ”INSHAOLLOH: 300K,//static6.tgstat.ru/channels/_0/e0/e0535fb571c3a5fc2fcb21e4c135e03b.jpg,https://t.me/Transferlar_Transferlarhd,true,true,187240,5,0,9402,0,1866.67,"7",2022-11-12 19:23:58.182
cl8poyhyd1057i2e54op78r9k,UZBEK - GOLD,"Reklama: @Reklama_Narxlaruz 
Ñ€ĞµĞºĞ»Ğ°Ğ¼Ğ° ÑƒÑ‡ÑƒĞ½ Ğ±Ğ¾ÑˆÒ›Ğ° Ğ°Ğ´Ğ¼Ğ¸Ğ½ Ğ¹ÑÒ›

Ğ­Ğ½Ğ³ ÑÑĞ½Ğ³Ğ³Ğ¸ Ñ‚ĞµĞ·ĞºĞ¾Ñ€ Ğ²Ğ° Ò›Ğ¸Ğ·Ğ¸Ò›Ğ°Ñ€Ğ»Ğ¸ ÑĞ½Ğ³Ğ¸Ğ»Ğ¸ĞºĞ»Ğ°Ñ€ ĞºĞ°Ğ½Ğ°Ğ»Ğ¸. Ğ¢ĞµĞ»ĞµĞ²Ğ¸Ğ·Ğ¾Ñ€Ğ´Ğ° ĞºÑÑ€ÑĞ°Ñ‚Ğ¸Ğ»Ğ¼Ğ°Ğ¹Ğ´Ğ¸Ğ³Ğ°Ğ½ Ğ¼Ğ°Ñ…Ñ„Ğ¸Ğ¹ Ñ…Ğ°Ğ±Ğ°Ñ€Ğ»Ğ°Ñ€ Ñ„Ğ°Ò›Ğ°Ñ‚ Ğ±Ğ¸Ğ·Ğ´Ğ°!ğŸ”¥

ĞĞ´Ğ¼Ğ¸Ğ½ @gold_adminbot",https://data-img.socialjet.pro/043653559ac2260357b0ea8b649b46436075bc3d.jpg,https://t.me/Uzbek_goldw,true,true,186535,16,82,30329,0,1573.33,"2",2022-11-12 19:23:58.182
cl8poyhym1069i2e51fw44g3y,Rustamjon domla maruzalari,"Ğ‘Ğ°Ğ»Ğ¸Ò›Ñ‡Ğ¸ Ñ‚ÑƒĞ¼Ğ°Ğ½Ğ¸ ""ĞÒ› Ò›ÑÑ€Ò“Ğ¾Ğ½"" Ğ¶Ğ¾Ğ¼ĞµÑŠ Ğ¼Ğ°ÑĞ¶Ğ¸Ğ´Ğ¸ Ğ¸Ğ¼Ğ¾Ğ¼-Ñ…Ğ°Ñ‚Ğ¸Ğ±Ğ¸ Ğ ÑƒÑÑ‚Ğ°Ğ¼Ğ¶Ğ¾Ğ½ Ğ´Ğ¾Ğ¼Ğ»Ğ°Ğ½Ğ¸Ğ½Ğ³ Ñ‚ĞµĞ»ĞµĞ³Ñ€Ğ°Ğ¼ ĞºĞ°Ğ½Ğ°Ğ»Ğ¸ ĞœÑƒÑ…Ğ»Ğ¸ÑĞ»Ğ°Ñ€ Ğ¢Ğ¾Ğ¼Ğ¾Ğ½Ğ¸Ğ´Ğ°Ğ½ ĞÑ‡Ğ¸Ğ»Ğ³Ğ°Ğ½ ĞšĞ°Ğ½Ğ°Ğ»ĞœĞ°ÑĞ¶Ğ¸Ğ´ Ò›ÑƒÑ€Ğ¸Ğ»Ğ¸ÑˆĞ¸Ğ³Ğ°: +998979987200 Ğ‘Ñƒ ĞºĞ°Ğ½Ğ°Ğ»Ğ´Ğ° Ğ ÑƒÑÑ‚Ğ°Ğ¼Ğ¶Ğ¾Ğ½ Ğ”Ğ¾Ğ¼Ğ»Ğ°Ğ½Ğ¸ Ğ•Ğ½Ğ³ Ğ¯Ğ½Ğ³Ğ¸ ĞœĞ°Ñ€ÑƒĞ·Ğ°Ğ»Ğ°Ñ€Ğ¸ Ğ±ĞµÑ€Ğ¸Ğ± Ğ±Ğ¾Ñ€Ğ¸Ğ»Ğ°Ğ´Ğ¸!",//static2.tgstat.ru/channels/_0/d3/d3ecc1b27de7119e2e98e98c156af544.jpg,https://t.me/Rustamjon_domla_namoz_quronuz,true,true,186158,6,0,10802,0,0.0,"8",2022-11-12 19:23:58.182
cl8poyhyu1081i2e5i6fe5pli,SAMARQANDLIKLAR ğŸ‡ºğŸ‡¿,"","",https://t.me/Samarqand_Samarkand,true,true,184655,0,0,0,0,746.67,"",2022-11-12 19:23:58.182
cl8poyhzb1105i2e5e7dyxofb,Ğ Ğ°ÑÑƒĞ»ÑƒĞ»Ğ»Ğ¾Ò³ ĞÑˆĞ¸Ò›Ğ»Ğ°Ñ€Ğ¸,Ğ Ğ¾ÑÑƒĞ»ÑƒĞ»Ğ»Ğ¾Ò³ (ÑĞ°Ğ»Ğ¾Ğ»Ğ»Ğ¾Ò³Ñƒ Ğ°Ğ»Ğ°Ğ¹Ò³Ğ¸ Ğ²Ğ°ÑĞ°Ğ»Ğ»Ğ°Ğ¼) ĞÑˆĞ¸Ò›Ğ»Ğ°Ñ€Ğ¸ ÑƒÑ‡ÑƒĞ½ Ğ¾Ñ‡Ğ¸Ğ»Ğ³Ğ°Ğ½ ĞºĞ°Ğ½Ğ°Ğ». Ğ˜ÑĞ»Ğ¾Ğ¼ Ğ´Ğ¸Ğ½Ğ¸Ğ½Ğ¸ Ğ±Ğ¸Ñ€Ğ³Ğ°Ğ»Ğ¸ĞºĞ´Ğ° ÑÑ€Ğ³Ğ°Ğ½Ğ°Ğ¼Ğ¸Ğ·...â˜ï¸ğŸ¼ĞÒ›Ğ¸Ğ´Ğ°Ğ¼Ğ¸Ğ·: ĞÒ³Ğ»Ğ¸ ÑÑƒĞ½Ğ½Ğ° Ğ²Ğ°Ğ»-Ğ¶Ğ°Ğ¼Ğ¾ÑŠĞ°â˜ï¸ğŸ¼ĞœĞ°Ğ·Ò³Ğ°Ğ±Ğ¸Ğ¼Ğ¸Ğ·: Ò²Ğ°Ğ½Ğ°Ñ„Ğ¸Ğ¹ğŸ“Œ Ğ ĞµĞºĞ»Ğ°Ğ¼Ğ°: @Muslikh_uz,//static10.tgstat.ru/channels/_0/c6/c68850dada38df480afc8284f4017bd2.jpg,https://t.me/RosulullohOshiqlari,true,true,184316,6,68,11946,0,0.0,"8",2022-11-12 19:23:58.182
cl8poyhzk1117i2e5qtas22aa,Music 2022 ğŸ¶,"ğŸ¶ Telegram, TikTok va Instagramdagi eng so'ngi Trend muzikalar faqat bizning kanaldan topasiz!ğŸ”¥ Kuzating bizda atmosfera siz kutgandik!ã…¤ã…¤ğŸ‘¤ Murojaat uchun: @Menejer_24ã…¤ã…¤ã…¤ã…¤ã…¤ã…¤ã…¤ã…¤",//static8.tgstat.ru/channels/_0/ee/ee8d94342756c6162f2ceea90258bc5e.jpg,https://t.me/MUSIC_TARONALAR_ZAKAZ_QO_SHIQLAR,true,true,184269,6,0,11233,0,3333.33,"4",2022-11-12 19:23:58.182
cl8poyhzr1129i2e55wzrjr4x,ZAMON Yangiliklari,Murojaat: @ZYUZBEK_BOTReklama uchun: @Sizdan_Xabar,//static4.tgstat.ru/channels/_0/ca/cacb88f0acb5915dfcb91cbe5dbeb761.jpg,https://t.me/ZamonYangiliklar_Samarqand,true,true,182941,9,71,17333,0,0.0,"4",2022-11-12 19:23:58.182
cl8poyhzy1141i2e58ryler58,ĞĞ¸ÑˆĞ¾Ğ½Ğ´Ğ°Ğ³Ğ¸ Ğ³Ğ°Ğ¿Ğ»Ğ°Ñ€,"Ğ‘Ğ¸Ñ€Ğ¾Ğ· Ñ‚Ğ°Ğ½Ò›Ğ¸Ğ´, Ğ±Ğ¸Ñ€Ğ¾Ğ· ĞºĞ¸Ğ½Ğ¾Ñ, Ğ±Ğ¸Ñ€Ğ¾Ğ· Ğ¸Ğ±Ñ€Ğ°Ñ‚ Ğ²Ğ° Ğ±Ğ¸Ñ€Ğ¾Ğ· ĞºÑƒĞ»Ğ³Ğ¸... ĞĞ¸ÑˆĞ¾Ğ½Ğ¸Ğ³Ğ°, Ğ°Ğ»Ğ±Ğ°Ñ‚Ñ‚Ğ°, ÑƒÑ€Ğ°Ğ¼Ğ¸Ğ·!

#Ñ‚Ğ°Ğ½Ò›Ğ¸Ğ´, #ĞºĞ¸Ğ½Ğ¾Ñ, #Ğ¸Ğ±Ñ€Ğ°Ñ‚, #ĞºÑƒĞ»Ğ³Ğ¸

Ğ ĞµĞºĞ»Ğ°Ğ¼Ğ° Ñ…Ğ¸Ğ·Ğ¼Ğ°Ñ‚Ğ¸: @barakali_reklama_xizmati

Ğ›Ğ¾Ğ¹Ğ¸Ò³Ğ°Ğ¼Ğ¸Ğ·: @jaydari_hazillar",http://75.119.148.52/14ce2eebb5fb65a7bb14050ff4fc84de22abd4a3.jpg,https://t.me/nishondagi_gaplar_tegadi,true,true,182491,27,0,50140,0,3200.0,"13",2022-11-12 19:23:58.182
cl8poyi061153i2e5f59ffuqi,ğŸ¶ MUZIKALAR | KLIPLAR,á´€ssá´€ÊŸá´á´á´œ á´€ÊŸá´‡Êá´‹á´œá´ âœ…á´‹á´€É´á´€ÊŸÉªá´Éªá´¢É¢á´€ xá´œsÊœ á´‹á´‡ÊŸÉªÊ™sÉªá´¢!â¡Ê™Éªá´¢É´ÉªÉ´É¢ á´‹á´€É´á´€ÊŸá´…á´€ ğŸ‘‡ğŸ§ Ê™á´€ss á´á´œsÉªá´„  ğŸ§ğŸ§   á´„ÊŸá´œÊ™ á´á´œsÉªá´„  ğŸ§ğŸ§ á´€Ê€á´€Ê™Éªá´„ á´á´œsÉªá´„ ğŸ§ğŸ§   á´…Éªsá´‹á´á´›á´‡á´‹á´€    ğŸ§ğŸ§ á´á´á´á´Ê™á´€Êœá´›á´É´ ğŸ§Ê™Éªá´¢É´Éª á´‹á´œá´¢á´€á´›ÉªsÊœá´…á´€ á´…á´€á´ á´á´ á´‡á´›ÉªÉ´É¢ !á´á´œÊ€á´á´Šá´€á´€á´› á´œá´„Êœá´œÉ´:  @MuzikaUzAdmin âœ....,//static2.tgstat.ru/channels/_0/15/153f0701f2a63c6756eb0549a282f190.jpg,https://t.me/MUZIKALAR_KLIPLAR_MP3LAR_VKMBOT,true,true,182264,4,0,7299,0,0.0,"10",2022-11-12 19:23:58.182
cl8poyi0e1165i2e5jq1uslee,AVTO YURIST,ĞšĞ°Ğ½Ğ°Ğ» â„– 0759109 - ÑĞ¾Ğ½Ğ»Ğ¸ Ğ³ÑƒĞ²Ğ¾Ò³Ğ½Ğ¾Ğ¼Ğ° Ğ°ÑĞ¾ÑĞ¸Ğ´Ğ° Ñ„Ğ°Ğ¾Ğ»Ğ¸ÑÑ‚ ÑÑ€Ğ¸Ñ‚Ğ°Ğ´Ğ¸.Ğ”Ğ¾Ğ»Ğ·Ğ°Ñ€Ğ± Ğ²Ğ¸Ğ´ĞµĞ¾Ğ»Ğ°Ñ€ Ğ²Ğ° ÑĞ°Ğ²Ğ¾Ğ» ÑĞ±Ğ¾Ñ€Ğ¸Ñˆ: ğŸ‘‰ @avtoyurist_uzbotĞ¤Ğ°Ò›Ğ°Ñ‚ Ñ€ĞµĞºĞ»Ğ°Ğ¼Ğ° ÑƒÑ‡ÑƒĞ½:@Tijoriy_xizmat,//static4.tgstat.ru/channels/_0/db/db53b115cd4a38e99ea1599408292b94.jpg,https://t.me/avtoyurist_uz,true,true,181183,24,0,42923,0,3733.33,"1",2022-11-12 19:23:58.182
cl8poyi0l1177i2e59wrpew4v,Xamdam sobirov Rasmiy KanalğŸ”,ĞÑĞ¾ÑĞ¸Ğ¹ ĞºĞ°Ğ½Ğ°Ğ» Ñ€Ğ°ÑĞ¼Ğ¸Ğ¹ ĞºĞ°Ğ½Ğ°Ğ» Ğ±Ğ¸Ñ€Ğ¸Ğ½Ñ‡Ğ¸ Ğ±Ğ¸Ğ·Ğ´Ğ°,//static3.tgstat.ru/channels/_0/31/3145d54cdd69eb867e90740faf303ed0.jpg,https://t.me/Xamdam_Sobirov_Hamdam_sobirov_uz,true,true,180600,7,0,13322,0,0.0,"10",2022-11-12 19:23:58.182
cl8poyi0t1189i2e5lkqlcobp,Tribuna.uz,ğŸ“± Tribuna.uz ÑĞ°Ğ¹Ñ‚Ğ¸Ğ½Ğ¸Ğ½Ğ³ Ñ€Ğ°ÑĞ¼Ğ¸Ğ¹ Telegram ĞºĞ°Ğ½Ğ°Ğ»Ğ¸ğŸ‘‰ Ğ¡Ğ°Ğ¹Ñ‚: http://tribuna.uzğŸ‘‰ Facebook.com/tribunauzğŸ‘‰ Twitter.com/tribunauzğŸ‘‰ Instagram.com/tribuna.uzbğŸ‘‰ youtube.com/c/TribunaUzĞ ĞµĞºĞ»Ğ°Ğ¼Ğ°: +998 78 113 10 10,//static8.tgstat.ru/channels/_0/be/be7485be5b6eb3690efcbc9e95e8f15a.jpg,https://t.me/tribunauznews,true,true,179347,51,0,92183,0,0.0,"7",2022-11-12 19:23:58.182
cl8poyi101201i2e52au1wf9a,Baxtimsan â¤ï¸,AssÎ±lom AlÎ±ykum Hush KelÎ¹bsÎ¹z KÎ±nÎ±lÎ¹mÎ¹zgÎ± ğŸ¥°ğŸ‘®â€â™‚ï¸Admin:   (Pm urganiâ— Alloh ursinâ˜ï¸)SÎ¹znÎ¹ Ko'rÎ¹b TurgÎ±nÎ¹mÎ¹zdÎ±n HursÎ±ndmÎ¹z.ğŸ˜ŠğŸ’¥ Î²Î±Ï‡Ï„Î¹ÎœsÎ±Î· KÎ±nÎ±lÎ¹mÎ¹zdÎ±.ğŸ•ŠğŸ‡ StÎ±tuslÎ±rğŸ“ƒ AfÎ±rzmlÎ±rğŸ“ HÎ¹koyÎ±lÎ±rğŸµ PremyerÎ±lÎ±rğŸ¬ VÎ¹dÎ¹olÎ±r,//static3.tgstat.ru/channels/_0/8f/8ff839ad4563ddce309d87c46627cc8b.jpg,https://t.me/Tanishuvlar_Niklar_Noyob_Xiyonat,true,true,179059,3,0,4930,0,0.0,"3",2022-11-12 19:23:58.182
cl8poyi181213i2e59ny1jkyv,Shavkat Mirziyoyev_press-service,Veb-sayt: www.president.uzFacebook: www.fb.com/MirziyoyevInstagram: www.instagram.com/mirziyoyev_shTwitter: twitter.com/president_uzYoutube: www.youtube.com/PrezidentMatbuotxizmatiÂ© Oâ€˜zbekiston Prezidentining Matbuot xizmati,//static9.tgstat.ru/channels/_0/d2/d2a600f2a20d6c5ac97dde37bba8493e.jpg,https://t.me/shmirziyoyev,true,true,179051,30,0,53164,0,0.0,"21",2022-11-12 19:23:58.182
cl8poyi1h1227i2e54zkvab57,KUN YANGILIKLARI,"Ğ Ğ°ÑĞ¼Ğ¸Ğ¹ Â«ĞšÑƒĞ½ ÑĞ½Ğ³Ğ¸Ğ»Ğ¸ĞºĞ»Ğ°Ñ€Ğ¸Â» ĞºĞ°Ğ½Ğ°Ğ»Ğ¸Ğ³Ğ° Ñ…ÑƒÑˆ ĞºĞµĞ»Ğ¸Ğ±ÑĞ¸Ğ·! 
âš¡ï¸Ğ¤Ğ°Ò›Ğ°Ñ‚ ÑĞ½Ğ³Ğ¸ Ğ¼Ğ°Ğ²Ğ·ÑƒĞ»Ğ°Ñ€!

Ğ¢Ğ°ĞºĞ»Ğ¸Ñ„ Ğ²Ğ° Ğ¼ÑƒÑ€Ğ¾Ğ¶Ğ°Ğ°Ñ‚Ğ»Ğ°Ñ€: @Maribjonov

ğŸ’°Ğ ĞµĞºĞ»Ğ°Ğ¼Ğ° ÑƒÑ‡ÑƒĞ½: 
@Mustafo_aka",https://data-img.socialjet.pro/5946762e07b308a1bd1954b5acbc23de199a9e6e.jpg,https://t.me/Kun_yangiliklari_Tabriklar,true,true,178328,3,0,4692,0,0.0,"13",2022-11-12 19:23:58.182
cl8poyi1o1239i2e5egoj9w1l,VAQT QADRI,Ğ¨Ğ˜ĞšĞĞ¯Ğ¢ Ğ’Ğ Ğ¢ĞĞšĞ›Ğ˜Ğ¤Ğ›ĞĞ : @HelpvamĞ Ğ•ĞšĞ›ĞĞœĞ Ğ£Ğ§Ğ£Ğ: @Helpvam,//static10.tgstat.ru/channels/_0/ae/ae5eb824ef87499f644c3f11a7176157.jpg,https://t.me/VAQTQADRI,true,true,176791,16,0,28928,0,0.0,"13",2022-11-12 19:23:58.182
cl8poyi1v1251i2e57pj412lg,BESHARIQ BOZORI | Ğ‘Ğ•Ğ¨ĞĞ Ğ˜Òš Ğ‘ĞĞ—ĞĞ Ğ˜,"Â®Ğ‘Ğ•Ğ¨ĞĞ Ğ˜Òš Ğ‘ĞĞ—ĞĞ Ğ˜. 
ğŸ‘Â«Ğ‘Ğ˜Ğ— Ğ‘Ğ˜Ğ›ĞĞ Ğ‘ĞĞ Ğ§ĞĞ¡Ğ˜ ĞĞ¡ĞĞ!Â»
â™» Ğ­ÑŠĞ»Ğ¾Ğ½ Ğ±ĞµÑ€Ğ¸Ñˆ ÑƒÑ‡ÑƒĞ½ â™»
ğŸ‘‰ @Ghostman1
ğŸ‘‰ @Beshariq_bozori_admin
Ğ‘Ğ¸Ğ· Ğ±Ğ¸Ğ»Ğ°Ğ½ Ğ¾ÑĞ¾Ğ½ ÑĞ¾Ñ‚Ğ¸Ñˆ Ğ²Ğ° ÑĞ¾Ñ‚Ğ¸Ğ± Ğ¾Ğ»Ğ¸ÑˆĞ¸Ğ½Ğ³Ğ¸Ğ· Ğ¼ÑƒĞ¼ĞºĞ¸Ğ½.
ğŸ“¢ Ğ£ĞĞ£Ğ¢ĞœĞĞĞ“ Ğ‘Ğ˜Ğ—ĞĞ•Ğ¡ĞĞ˜ĞĞ“ ĞšĞ£Ğ§Ğ˜ Ğ Ğ•ĞšĞ›ĞĞœĞĞ”Ğ
Ğ‘Ğ¾Ğ·Ğ¾Ñ€Ğ¸Ğ½Ğ³Ğ¸Ğ·Ğ½Ğ¸ Ğ±ĞµÑ€ÑĞ¸Ğ½!
ğŸš« ĞšĞ°Ğ½Ğ°Ğ» Ğ²Ğ° Ğ³Ñ€ÑƒĞ¿Ğ¿Ğ°Ğ»Ğ°Ñ€ Ñ€ĞµĞºĞ»Ğ°Ğ¼Ğ° Ò›Ğ¸Ğ»Ğ¸Ğ½Ğ¼Ğ°Ğ¹Ğ´Ğ¸.",http://75.119.148.52/b2924b7e6e19fae70f575da9f846c8d72f3be64b.jpg,https://t.me/beshariq_bozori1,true,true,175820,3,0,5001,0,0.0,"5",2022-11-12 19:23:58.182
cl8poyi251263i2e5k5plm2gb,Islomiy Statuslar | Rasmiyï¸,Va nihoyat usha mashxur Islomiy Statuslar rasmiy sahifasidasiz! Foydamiz tegsa sizdan bir duo umid qilamiz!#bir_oilamizAdmin: @gold_adminnReklama: @rek_info,//static2.tgstat.ru/channels/_0/59/5933553eec6cb3d7155becd47b753cca.jpg,https://t.me/islomiy_statuslar_sevgim_gullar,true,true,174488,7,0,12953,0,0.0,"8",2022-11-12 19:23:58.182
cl8poyi2c1275i2e5i3cdtvm3,SURALAR VA DUOLAR,"Â«ĞĞ»Ğ»Ğ¾Ò³Ğ½Ğ¸Ğ½Ğ³ Ğ¸Ğ¶Ğ¾Ğ±Ğ°Ñ‚Ğ¸Ğ³Ğ° Ğ°Ğ½Ğ¸Ò› Ğ¸ÑˆĞ¾Ğ½Ğ³Ğ°Ğ½ Ò³Ğ¾Ğ»Ğ¸Ğ½Ğ³Ğ¸Ğ·Ğ´Ğ° Ğ´ÑƒĞ¾ Ò›Ğ¸Ğ»Ğ¸Ğ½Ğ³. Ğ’Ğ° Ğ±Ğ¸Ğ»Ğ¸Ğ½Ğ³ĞºĞ¸, ĞĞ»Ğ»Ğ¾Ò³ Ò“Ğ¾Ñ„Ğ¸Ğ» Ğ²Ğ° Ğ±ĞµÒ³ÑƒĞ´Ğ°Ñ‡Ğ¸ Ò›Ğ°Ğ»Ğ±Ğ´Ğ°Ğ½ Ğ´ÑƒĞ¾Ğ½Ğ¸ Ò›Ğ°Ğ±ÑƒĞ» Ò›Ğ¸Ğ»Ğ¼Ğ°ÑÂ»Â®ĞĞ±Ñƒ Ğ¥ÑƒÑ€Ğ°Ğ¹Ñ€Ğ° (Ñ€.Ğ°) Ñ€Ğ¸Ğ²Ğ¾ÑÑ‚Ğ¸.Ğ ĞµĞºĞ»Ğ°Ğ¼Ğ° Ğ±ÑĞ¹Ğ¸Ñ‡Ğ°:ğŸ‘‰ @AJK_GROUPĞĞ´Ğ¼Ğ¸Ğ½: @Ibratli_banda",//static2.tgstat.ru/channels/_0/cb/cb9fa39ca350dbb995c41ae30ce9a277.jpg,https://t.me/suralar_duolar_quronda_maruzala,true,true,173508,3,0,4545,0,0.0,"8",2022-11-12 19:23:58.182
cl8poyi2j1287i2e58r5hs6xb,ĞĞ½Ğ´Ğ¸Ğ¶Ğ¾Ğ½ Ğ‘ÑƒĞ³ÑƒĞ½,"âš¡ ĞĞĞ”Ğ˜Ğ–ĞĞĞ›Ğ˜ĞšĞ›ĞĞ  Ğ¾Ñ€Ğ°ÑĞ¸Ğ´Ğ° ÑĞ½Ğ³ Ğ¾Ğ¼Ğ¼Ğ°Ğ»Ğ°ÑˆĞ¸Ğ± Ğ±Ğ¾Ñ€Ğ°Ñ‘Ñ‚Ğ³Ğ°Ğ½ ĞºĞ°Ğ½Ğ°Ğ» Â«ĞĞ½Ğ´Ğ¸Ğ¶Ğ¾Ğ½ Ğ‘ÑƒĞ³ÑƒĞ½Â» ĞºĞ°Ğ½Ğ°Ğ»Ğ¸Ğ´Ğ°ÑĞ¸Ğ·!

ĞĞ½Ğ´Ğ¸Ğ¶Ğ¾Ğ½ Ğ²Ğ° ÑÑ€Ñ‚Ğ¸Ğ¼Ğ¸Ğ·Ğ´Ğ°Ğ³Ğ¸ ÑĞ½Ğ³ ÑÑĞ½Ğ³Ğ¸ ÑĞ½Ğ³Ğ¸Ğ»Ğ¸ĞºĞ»Ğ°Ñ€ Ğ±Ğ¸Ñ€Ğ¸Ğ½Ñ‡Ğ¸ Ğ±Ğ¸Ğ·Ğ´Ğ°

ğŸ“¸ĞĞ½Ğ´Ğ¸Ğ¶Ğ¾Ğ½Ğ³Ğ° Ğ¾Ğ¸Ğ´ ÑĞ½Ğ³Ğ¸Ğ»Ğ¸ĞºĞ»Ğ°Ñ€ Ğ±ÑĞ»ÑĞ° ÑĞ±Ğ¾Ñ€Ğ¸Ğ½Ğ³: @AndijonBugunbot

Ğ ĞµĞºĞ»Ğ°Ğ¼Ğ° Ğ±ĞµÑ€Ğ¸Ñˆ ÑƒÑ‡ÑƒĞ½: t.me/Andijan_Admin ğŸ‘ˆ",https://data-img.socialjet.pro/e61cc8ae62606a2ae07eafff0f92a4a565b053e4.jpg,https://t.me/AndijanBugun_Andijonliklar,true,true,173162,9,0,15255,0,746.67,"7",2022-11-12 19:23:58.182
cl8poymlj8637i2e52d1s7el1,Ğ˜ÑˆĞ³Ğ° ĞœĞ°Ñ€Ñ…Ğ°Ğ¼Ğ°Ñ‚ | ĞĞ½Ğ´Ğ¸Ğ¶Ğ¾Ğ½,ğŸ“© Ğ­ÑŠĞ»Ğ¾Ğ½ Ğ²Ğ° Ğ ĞµĞºĞ»Ğ°Ğ¼Ğ° Ğ±ĞµÑ€Ğ¸Ñˆ : @vimuz_elon,//static1.tgstat.ru/channels/_0/7d/7ddde9f82953cc5931f998efe4c3e323.jpg,https://t.me/ishga_marhamat_andijon1,true,true,37524,4,0,1566,0,0.0,"31",2022-11-12 19:23:58.182
cl8poyi2q1299i2e5osn2ol9u,Ğ¨ĞĞ™Ğ¥ Ò²ĞĞ—Ğ ĞĞ¢Ğ›ĞĞ Ğ˜ !!!,"Ğ‘Ñƒ ĞºĞ°Ğ½Ğ°Ğ»Ğ¨Ğ°Ğ¹Ñ… ĞœÑƒÒ³Ğ°Ğ¼Ğ¼Ğ°Ğ´ ĞĞ²Ğ²Ğ¾Ğ¼Ğ°,Ğ¨Ğ°Ğ¹Ñ… ĞœÑƒÒ³Ğ°Ğ¼Ğ¼Ğ°Ğ´ÑĞ¾Ğ´Ğ¸Ò› ĞœÑƒÒ³Ğ°Ğ¼Ğ¼Ğ°Ğ´ÑÑÑƒÑ„,Ğ”Ğ¾ĞºÑ‚Ğ¾Ñ€ Ğ Ğ°Ğ¼Ğ°Ğ·Ğ¾Ğ½ Ğ‘ÑƒÑ‚Ğ¸Ğ¹,Ğ¨Ğ°Ğ¹Ñ… Ğ—Ğ¸Ğ»Ñ„Ğ¸Ò›Ğ¾Ñ€ ĞÒ³Ğ¼Ğ°Ğ´ ĞĞ°Ò›ÑˆĞ±Ğ°Ğ½Ğ´Ğ¸Ğ¹ Ñ€Ğ¾Ò³Ğ¼Ğ°Ñ‚ÑƒĞ»Ğ»Ğ¾Ò³Ğ¸ Ğ°Ğ»Ğ°Ğ¹Ò³Ğ¸Ğ¼Ğ»Ğ°Ñ€Ğ½Ğ¸Ğ½Ğ³ Ğ¸Ğ»Ğ¼Ğ¸Ğ¹ Ğ¼ĞµÑ€Ğ¾ÑĞ»Ğ°Ñ€Ğ¸Ğ½Ğ¸ ÑÑ€Ğ³Ğ°Ğ½Ğ¸Ñˆ Ğ¼Ğ°Ò›ÑĞ°Ğ´Ğ¸Ğ´Ğ° Ğ¼ÑƒÒ³Ğ°Ğ±Ğ±Ğ°Ñ‚Ğ»Ğ¸ Ğ¼ÑƒÑ…Ğ»Ğ¸ÑĞ»Ğ°Ñ€ Ñ‚Ğ¾Ğ¼Ğ¾Ğ½Ğ¸Ğ´Ğ°Ğ½ Ğ¾Ñ‡Ğ¸Ğ»Ğ³Ğ°Ğ½.Ğ Ğ•ĞšĞ›ĞĞœĞ_Ğ£Ğ§Ğ£Ğ:ğŸ‘‰ @RekIama_berish",//static7.tgstat.ru/channels/_0/cb/cb5eb6aa7ce2e4c6c2c11f8451c2f288.jpg,https://t.me/Shayx_hazrat,true,true,172865,17,0,29832,0,0.0,"8",2022-11-12 19:23:58.182
cl8poyi2z1311i2e51o48g7zr,DARAKCHI.UZ | Rasmiy kanal,"darakchi.uz saytining rasmiy telegram kanaliĞ¢ĞµĞ·ĞºĞ¾Ñ€ - @darakchiuzliveĞ ÑƒÑÑ‡Ğ° - @darakchi_ruYouTube - https://darakchi.uz/s/ytInstagram - https://darakchi.uz/s/inFacebook - https://darakchi.uz/s/fbĞ ĞµĞºĞ»Ğ°Ğ¼Ğ° - @darakchireklama, 71 215-51-61",//static3.tgstat.ru/channels/_0/f4/f4f0edb08c97567ce6b0475a63bf7000.jpg,https://t.me/darakchi,true,true,170739,21,0,35584,0,2240.0,"21",2022-11-12 19:23:58.182
cl8poyi371323i2e55etu6msq,SAMARQAND24 | Tezkor Xabarlari,"ğŸ‡ºğŸ‡¿ Â«SAMARQAND24Â» Ğ¡Ğ°Ğ¼Ğ°Ñ€Ò›Ğ°Ğ½Ğ´ Ğ²Ğ¸Ğ»Ğ¾ÑÑ‚Ğ¸Ğ´Ğ°Ğ³Ğ¸ ÑĞ½Ğ³ Ñ‚ĞµĞ·ĞºĞ¾Ñ€ Ğ²Ğ° Ğ¾Ğ¼Ğ¼Ğ°Ğ±Ğ¾Ğ¿ Ñ‚ĞµĞ·ĞºĞ¾Ñ€ Ñ…Ğ°Ğ±Ğ°Ñ€Ğ»Ğ°Ñ€ ĞºĞ°Ğ½Ğ°Ğ»Ğ¸ĞœÑƒÑ€Ğ¾Ğ¶Ğ°Ğ°Ñ‚, Ñ‚Ğ°ĞºĞ»Ğ¸Ñ„Ğ»Ğ°Ñ€ Ğ²Ğ° ÑĞ½Ğ³Ğ¸Ğ»Ğ¸ĞºĞ»Ğ°Ñ€ Ğ±ÑĞ»ÑĞ° Ğ¶ÑĞ½Ğ°Ñ‚Ğ¸Ğ½Ğ³.ğŸ‘‰ @Samarqand24_botĞ ĞµĞºĞ»Ğ°Ğ¼Ğ° Ğ²Ğ° ÑÑŠĞ»Ğ¾Ğ½ Ğ±ĞµÑ€Ğ¸Ñˆ ÑƒÑ‡ÑƒĞ½ğŸ‘‰Â @Samarqand24_bot",//static4.tgstat.ru/channels/_0/f3/f3cd6fbee291490d77bfbd817b7b3a3a.jpg,https://t.me/Samarqand_Samarqandliklar_24,true,true,168313,21,0,34880,0,2613.33,"5",2022-11-12 19:23:58.182
cl8poyi3f1335i2e5tm6xqmpk,Qo'qonliklar | Qoâ€˜qon 24,"ğŸ“©Ğ ĞµĞºĞ»Ğ°Ğ¼Ğ°: @AdmKokandâ€¢ ğŸŒÒšÑÒ›Ğ¾Ğ½Ğ»Ğ¸ĞºĞ»Ğ°Ñ€ ÑƒÑ‡ÑƒĞ½ Ñ‚Ğ°ÑˆĞºĞ¸Ğ» ÑÑ‚Ğ¸Ğ»Ğ³Ğ°Ğ½, Ğ²Ğ° Ğ±Ğ°Ñ€Ñ‡Ğ° ÒšÑÒ›Ğ¾Ğ½Ğ»Ğ¸ĞºĞ»Ğ°Ñ€Ğ½Ğ¸ ÑĞ·Ğ¸Ğ´Ğ° Ğ¶Ğ°Ğ¼Ğ»Ğ°Ğ³Ğ°Ğ½ ÑĞ½Ğ³ Ğ¾Ğ¼Ğ¼Ğ°Ğ±Ğ¾Ğ¿ ĞºĞ°Ğ½Ğ°Ğ»!â€¢ ğŸŒÒšÑĞºĞ¾Ğ½ Ñˆ. Ğ¥Ğ¾ĞºĞ¸Ğ¼Ğ»Ğ¸Ğ³Ğ¸ Ğ²Ğ° ÒšÑĞºĞ¾Ğ½ Ñˆ. Ğ˜Ğ˜Ğ‘ Ñ‚ĞµĞ·ĞºĞ¾Ñ€ Ñ…Ğ°Ğ±Ğ°Ñ€Ğ»Ğ°Ñ€Ğ¸ Ò³Ğ°Ğ¼ Ğ¶Ğ¾Ğ¹Ğ»Ğ°Ğ± Ğ±Ğ¾Ñ€Ğ¸Ğ»Ğ°Ğ´Ğ¸.  ğŸ“„-433448 Â©ï¸ĞŸĞ°Ñ‚ĞµĞ½Ñ‚ â„– FAP 01689 ğŸ“©Ğ ĞµĞºĞ»Ğ°Ğ¼Ğ° ÑƒÑ‡ÑƒĞ½: @AdmKokand",//static7.tgstat.ru/channels/_0/29/298662700f81751239f4470992fb7d52.jpg,https://t.me/Quqon_Qoqonliklar_Kokand,true,true,167517,4,70,7049,0,373.33,"7",2022-11-12 19:23:58.182
cl8poyi3n1347i2e5bcv7xbya,Uy bozorim | EÊ¼lonlar,ğŸ’° Ğ¢ĞµĞ»ĞµĞ³Ñ€Ğ°Ğ¼  Ñ‚Ğ°Ñ€Ğ¼Ğ¾Ò“Ğ¸Ğ´Ğ°Ğ³Ğ¸ ÑĞ½Ğ³ Ğ¾Ğ¼Ğ¼Ğ°Ğ±Ğ¾Ğ¿  ÑĞ°Ğ²Ğ´Ğ¾ ĞºĞ°Ğ½Ğ°Ğ»Ğ¸ â€œ Ğ£Ğ¹ Ğ±Ğ¾Ğ·Ğ¾Ñ€Ğ¸Ğ¼ â€ Ğ³Ğ° Ñ…ÑƒÑˆ ĞºĞµĞ»Ğ¸Ğ±ÑĞ¸Ğ· ! ğŸ§‘â€ğŸ’» EÊ¼lon berish : @Mr_UyadminğŸ‘‰ğŸ» Instagram.com/uy_bozorim,//static7.tgstat.ru/channels/_0/be/be0fd01382d30d2ad32abea5dae246c7.jpg,https://t.me/UY_BOZORIM,true,true,167371,2,0,3492,0,480.0,"6",2022-11-12 19:23:58.182
cl8poyi3v1359i2e56n3e4d9u,ğŸ´ó §ó ¢ó ¥ó ®ó §ó ¿ CHELSI | RASMIY,"ğŸ´ó §ó ¢ó ¥ó ®ó §ó ¿ @CHELSIFT - telegram kanali sizlarga ""Chelsi"" haqidagi eng muhim xabarlarni birinchilardan bo'lib sizlarga yetkazib boradiReklama uchun kanallar: @BrendFTReklama menejeri: @MenedjerX",//static7.tgstat.ru/channels/_0/6f/6fce6cdab1aeab99e0d6ce35886612ca.jpg,https://t.me/Chelsi_Chelsea_ChelseaUz,true,true,166692,4,0,6007,0,2200.0,"7",2022-11-12 19:23:58.182
cl8poyi431371i2e5jsns4d9j,Marg'ilonliklar 24,âœ…ĞœĞ°Ñ€Ò“Ğ¸Ğ»Ğ¾Ğ½Ğ»Ğ¸ĞºĞ»Ğ°Ñ€ ÑƒÑ‡ÑƒĞ½ Ñ‚Ğ°ÑˆĞºĞ¸Ğ» ÑÑ‚Ğ¸Ğ»Ğ³Ğ°Ğ½ Ğ¼Ğ°Ñ…ÑÑƒÑ Ñ‚ĞµĞ»ĞµĞ³Ñ€Ğ°Ğ¼ ĞºĞ°Ğ½Ğ°Ğ»!ğŸŒĞ”ÑƒĞ½Ñ‘ Ğ²Ğ° ÑÑ€Ñ‚Ğ¸Ğ¼Ğ¸Ğ· Ò³Ğ°Ñ‘Ñ‚Ğ¸Ğ³Ğ° Ğ¾Ğ¸Ğ´ ÑĞ½Ğ³ ÑÑĞ½Ğ³Ğ¸ ÑĞ½Ğ³Ğ¸Ğ»Ğ¸ĞºĞ»Ğ°Ñ€ Ğ²Ğ° ĞºÑĞ½Ğ³Ğ¸Ğ» Ğ¾Ñ‡Ğ°Ñ€ Ğ»Ğ°Ğ²Ò³Ğ°Ğ»Ğ°Ñ€ Ğ±Ğ¸Ğ·Ğ½Ğ¸Ğ½Ğ³ ĞºĞ°Ğ½Ğ°Ğ»Ğ´Ğ°! Ğ ĞµĞºĞ»Ğ°Ğ¼Ğ°  ÑƒÑ‡ÑƒĞ½ğŸ’° @margilonliklar_24adminğŸ“©Ğ¯Ğ½Ğ³Ğ¸Ğ»Ğ¸ĞºĞ»Ğ°Ñ€Ğ½Ğ¸ ÑĞ±Ğ¾Ñ€Ğ¸Ğ½Ğ³!!ğŸ‘‰ @Margilonliklaradminbot,//static9.tgstat.ru/channels/_0/8b/8bf606f4cb19c17590ffe6c54fd9d6cf.jpg,https://t.me/margilonliklar_fargonaliklar,true,true,165487,3,0,4812,0,373.33,"4",2022-11-12 19:23:58.182
cl8poyi4b1383i2e5l5yzp57y,Andijon Bugun | ĞĞ½Ğ´Ğ¸Ğ¶Ğ¾Ğ½ Ğ±ÑƒĞ³ÑƒĞ½,"â­ ĞĞ¹Ğ½Ğ¸ Ğ´Ğ°Ğ¼Ğ´Ğ° ĞĞĞ”Ğ˜Ğ–ĞĞĞ›Ğ˜ĞšĞ›ĞĞ  Ğ¾Ñ€Ğ°ÑĞ¸Ğ´Ğ° ÑĞ½Ğ³ Ğ¾Ğ¼Ğ¼Ğ°Ğ»Ğ°ÑˆĞ³Ğ°Ğ½ ĞºĞ°Ğ½Ğ°Ğ»!ğŸ—£Ğ¥Ğ°Ğ±Ğ°Ñ€Ğ»Ğ°Ñ€, Ñ‚ĞµĞ·ĞºĞ¾Ñ€ Ğ²Ğ¸Ğ´ĞµĞ¾Ğ»Ğ°Ñ€ Ğ±ÑĞ»ÑĞ° Ğ±Ğ¸Ğ·Ğ³Ğ° Ğ¢Ğ•Ğ— ÑĞ±Ğ¾Ñ€Ğ¸Ğ½Ğ³ğŸ‘‰ @tezhabar_botĞ ĞµĞºĞ»Ğ°Ğ¼Ğ° ÑƒÑ‡ÑƒĞ½: @AndAdminĞšĞ°Ğ½Ğ°Ğ» Ñ€ĞµĞºĞ»Ğ°Ğ¼Ğ°ÑĞ¸ âŒ",//static7.tgstat.ru/channels/_0/2c/2c1da7d54e0709d905cde9b099a74183.jpg,https://t.me/andijon_bugun,true,true,164261,43,0,69837,0,2986.67,"4",2022-11-12 19:23:58.182
cl8poyi4j1395i2e5yrauztbg,Edu.uz,"Oliy va oÊ»rta maxsus taÊ¼lim vazirligi yangiliklari/ĞĞ¾Ğ²Ğ¾ÑÑ‚Ğ¸ ĞœĞ¸Ğ½Ğ¸ÑÑ‚ĞµÑ€ÑÑ‚Ğ²Ğ° Ğ²Ñ‹ÑÑˆĞµĞ³Ğ¾ Ğ¸ ÑÑ€ĞµĞ´Ğ½ĞµĞ³Ğ¾ ÑĞ¿ĞµÑ†Ğ¸Ğ°Ğ»ÑŒĞ½Ğ¾Ğ³Ğ¾ Ğ¾Ğ±Ñ€Ğ°Ğ·Ğ¾Ğ²Ğ°Ğ½Ğ¸Ñ

ğŸ“ 1006
ğŸ“§ press@edu.uz
ğŸŒ www.edu.uz
ğŸ“² instagram.com/edu.uz/ 
ğŸ“² facebook.com/eduuzrasmiy
ğŸ“² http://youtube.com/c/eduuz",https://data-img.socialjet.pro/cadf3e75051687f8a27666c6725bd19df929aaaf.jpg,https://t.me/eduuz,true,true,163835,36,0,58874,0,0.0,"2",2022-11-12 19:23:58.182
cl8poyi4r1407i2e5vo8jemoa,Bozor.uz | Ğ Ğ°ÑĞ¼Ğ¸Ğ¹ ĞšĞ°Ğ½Ğ°Ğ»,ğŸ“„14141442 Ğ³ÑƒĞ²Ğ¾Ñ…Ğ½Ğ¾Ğ¼Ğ° Ğ°ÑĞ¾ÑĞ¸Ğ´Ğ° Ğ¸Ñˆ ÑÑ€Ğ¸Ñ‚Ğ¸Ğ»Ğ°Ğ´Ğ¸â€œBozor.uzâ€ Ñ‚ĞµĞ»ĞµĞ³Ñ€Ğ°Ğ¼ ĞºĞ°Ğ½Ğ°Ğ»Ğ¸Ğ³Ğ° Ñ…ÑƒÑˆ ĞºĞµĞ»Ğ¸Ğ±ÑĞ¸Ğ·!Ğ ĞµĞºĞ»Ğ°Ğ¼Ğ° Ğ±ÑĞ¹Ğ¸Ñ‡Ğ°ğŸ‘‰ @Reklama_6050 Ğ³Ğ° Ñ‘Ğ·Ğ¸Ğ½Ğ³ĞĞ·Ğ±ĞµĞºĞ¸ÑÑ‚Ğ¾Ğ½Ğ´Ğ°Ğ³Ğ¸ ÑĞ°Ğ²Ğ´Ğ¾ ÑĞ¾Ñ‚Ğ¸Ò› Ğ²Ğ° Ğ±Ğ¸Ğ·Ğ½ĞµÑ Ğ¹ÑĞ½Ğ°Ğ»Ğ¸ÑˆĞ¸Ğ´Ğ°Ğ³Ğ¸ ÑĞ½Ğ³ ĞºÑĞ¿ Ğ°ÑŠĞ·Ğ¾Ğ³Ğ° ÑĞ³Ğ° Ñ€Ğ°ÑĞ¼Ğ¸Ğ¹ ĞºĞ°Ğ½Ğ°Ğ»!,//static4.tgstat.ru/channels/_0/6a/6a07809226d26e6c5a0d165e5db6d3af.jpg,https://t.me/Bozor_vodiyda,true,true,163410,7,0,11841,0,1066.67,"1",2022-11-12 19:23:58.182
cl8poyi4y1419i2e5d4nmscjt,BARCELONA (TG) ğŸ”µğŸ”´,"âœ… BARCELONA (TG) - O'zbekistondagi eng katta va sifatli Barselona kanali!

ğŸ’° Reklama Agentligi: @ASL_channels

Rek @Social_Energy_UZ 
Jadval va narx tg.segroup.me?uz

Â©ï¸ ASL FUTBOL",https://data-img.socialjet.pro/7c61cb7f59657edec5dac367068edbc84ce93d01.jpg,https://t.me/Barcelona_Barselona_Barsa_Barca,true,true,161977,9,0,14032,0,1866.67,"7",2022-11-12 19:23:58.182
cl8poyi561431i2e5x9q9y5of,HAYOTIMSAN,Ò²Ğ°Ñ‘Ñ‚Ğ¸Ğ½Ğ³Ğ¸Ğ·Ğ´Ğ° ÑˆÑƒĞ½Ñ‡Ğ°ĞºÑ‚ ĞºÑƒĞ½ ÑÑ‚ĞºĞ°Ğ·Ğ¼Ğ°Ğ½Ğ³. Ğ’Ğ°Ò›Ñ‚Ğ¸Ğ½Ğ³Ğ¸Ğ·Ğ½Ğ¸ Ğ´ÑƒĞ½Ñ‘ Ğ²Ğ° Ğ¾Ñ…Ğ¸Ñ€Ğ°Ñ‚Ğ¸Ğ½Ğ³Ğ¸Ğ· ÑƒÑ‡ÑƒĞ½ Ñ„Ğ¾Ğ¹Ğ´Ğ°Ğ»Ğ¸ Ğ°Ğ¼Ğ°Ğ»Ğ»Ğ°Ñ€Ğ³Ğ° ÑĞ°Ñ€Ñ„Ğ»Ğ°Ğ½Ğ³...Ğ ĞµĞºĞ»Ğ°Ğ¼Ğ° ÑƒÑ‡ÑƒĞ½: @Skarpion,//static8.tgstat.ru/channels/_0/7c/7ca6a5c9fb917de5ce89f998ee727194.jpg,https://t.me/Hayotimsan,true,true,161078,24,0,39266,0,1493.33,"",2022-11-12 19:23:58.182
cl8poyi5e1443i2e5ewsk9dlb,Qalblarni titratgan ma'ruzalar,ÛBizning kanaldan topishingiz mumkin!ğŸ‘‡Û Ibratli video maruzalarÛ Ibratli hikoyalar Û Qalblarni titratadigan maruzalarReklama uchun: @Tolibi_quronReklama boÊ»limi @sifatliuz,//static3.tgstat.ru/channels/_0/23/2324003b615aa90d4bd546aeffd14b53.jpg,https://t.me/qalblarni_titratgan_maruzalar,true,true,160009,10,0,15402,0,1120.0,"",2022-11-12 19:23:58.182
cl8poyi5l1455i2e5c0wn0n6d,CIRMINALIZIM,ĞĞ´Ğ¼Ğ¸Ğ½: @khuja_ake ğŸª...............................................................,//static6.tgstat.ru/channels/_0/75/75a60cc599ce5f37ba78b2f6809888ae.jpg,https://t.me/Xuliganistan_Vorzakonka_Blatnoy,true,true,156874,4,0,6559,0,0.0,"10",2022-11-12 19:23:58.182
cl8poyi5u1467i2e5i2ydvcu5,Kun u Tun | Tezkor xabarlar,Ğ Ğ°ÑĞ¼Ğ¸Ğ¹ ğŸ‘‰Kun u TunğŸ‘ˆ ĞºĞ°Ğ½Ğ°Ğ»Ğ¸Ğ³Ğ° Ñ…ÑƒÑˆ ĞºĞµĞ»Ğ¸Ğ±ÑĞ¸Ğ·!âœ…Ğ­Ğ½Ğ³ ÑÑĞ½Ğ³Ğ¸ Ñ…Ğ°Ğ±Ğ°Ñ€Ğ»Ğ°Ñ€ Ğ²Ğ° Ò›Ğ¸Ğ·Ğ¸Ò›Ğ°Ñ€Ğ»Ğ¸ Ğ²Ğ¸Ğ´ĞµĞ¾Ğ»Ğ°Ñ€ Ğ±Ğ¸Ğ·Ğ´a â—â—â—Ğ¢Ğ°ĞºĞ»Ğ¸Ñ„ Ğ²Ğ° ĞœÑƒÑ€Ğ¾Ğ¶Ğ°Ğ°Ñ‚Ğ»Ğ°Ñ€ ÑƒÑ‡ÑƒĞ½.ğŸ‘‡ @KuntunbotÂ®ï¸Ğ ĞµĞºĞ»Ğ°Ğ¼Ğ°ğŸ‘‰ @Kunutun_and,//static7.tgstat.ru/channels/_0/0c/0c29b49073f0543290a6b4f8736d8816.jpg,https://t.me/kunutun_uzb,true,true,156542,17,0,26877,0,1866.67,"3",2022-11-12 19:23:58.182
cl8poyise2612i2e5pt97ecss,Dachauz_bochka,"www.dachauzbochka.wordpress.com

Biz sizga faqat eng zo'rini taklif qilamiz 
murojaat uchun: @dachauz_bochka
ğŸ“Endi Dachalarga Turli viloyatlardan turib  buyurtma bering...

Reklama uchun murojatğŸ‘‰ @ergashev_azamat777",https://data-img.socialjet.pro/7971ebe9378061ba4ed2464968cc07f52d7c5384.jpg,https://t.me/dachauz_bochka,true,true,113217,2,0,2579,0,5600.0,"26",2022-11-12 19:23:58.182
cl8poyi641479i2e5z0xqy08g,ğŸŒĞŸÑ€ĞµÑÑĞ°.uzğŸŒ â€” ĞĞ¾Ğ²Ğ¾ÑÑ‚Ğ¸ Ğ£Ğ·Ğ±ĞµĞºĞ¸ÑÑ‚Ğ°Ğ½Ğ°,"ğŸ‡ºğŸ‡¿ĞĞ¾Ğ²Ğ¾ÑÑ‚Ğ¸ Ğ£Ğ·Ğ±ĞµĞºĞ¸ÑÑ‚Ğ°Ğ½Ğ° Ğ¸ Ğ³Ğ»Ğ°Ğ²Ğ½Ñ‹Ğµ Ğ¼Ğ¸Ñ€Ğ¾Ğ²Ñ‹Ğµ Ğ½Ğ¾Ğ²Ğ¾ÑÑ‚Ğ¸ Ğ² ÑÑ‚Ğ¸Ğ»Ğµ Â«briefÂ»

â™»ï¸Ğ•Ğ¶ĞµĞ´Ğ½ĞµĞ²Ğ½Ğ¾Ğµ Ğ¾Ğ±Ğ½Ğ¾Ğ²Ğ»ĞµĞ½Ğ¸Ğµ

Ğ¡Ğ¾Ñ‚Ñ€ÑƒĞ´Ğ½Ğ¸Ñ‡ĞµÑÑ‚Ğ²Ğ¾/Ñ€ĞµĞºĞ»Ğ°Ğ¼Ğ°: @ShermatovS
ĞŸĞ°Ñ€Ñ‚Ğ½ĞµÑ€: ClickME",//static4.tgstat.ru/channels/_0/95/953d35bc03312bebdb597aa131ec3dd3.jpg,https://t.me/pressauz,true,true,155793,41,54,63622,0,7466.67,"4",2022-11-12 19:23:58.182
cl8poyi6f1491i2e556v15xr9,E'LON QASHQADARYO,"ĞĞ´Ğ¼Ğ¸Ğ½ ğŸ‘‡ğŸ‘‡
@elonjunatish

ğŸ’°Ğ¢ĞµĞ»ĞµĞ³Ñ€Ğ°Ğ¼ Ñ‚Ğ°Ñ€Ğ¼Ğ¾Ò“Ğ¸Ğ´Ğ°Ğ³Ğ¸ ÑĞ½Ğ³ Ğ¾Ğ¼Ğ¼Ğ°Ğ±Ğ¾Ğ¿  ÑĞ°Ğ²Ğ´Ğ¾ ÑĞ¾Ñ‚Ğ¸Ğº ĞºĞ°Ğ½Ğ°Ğ»Ğ¸ â€œĞ­ÑŠĞ»Ğ¾Ğ½ ĞšĞ°ÑˆĞºĞ°Ğ´Ğ°Ñ€Ñ‘ ĞºĞ°Ğ½Ğ°Ğ»Ğ¸â€ Ğ³Ğ° Ñ…ÑƒÑˆ ĞºĞµĞ»Ğ¸Ğ±ÑĞ¸Ğ·â—ï¸

Ğ­ÑŠĞ»Ğ¾Ğ½ Ğ±ĞµÑ€Ğ¸Ñˆ ÑƒÑ‡ÑƒĞ½ ĞºĞ¾Ğ¹Ğ´Ğ°
@elon_qoidauz ğŸ‘ˆ 

*Ì· instagram.com/Elon_Qashqadaryo

http://youtube.com/channel/UCfkJtoUKoXjdfrqIHSn9tQw",http://75.119.148.52/1b5b67ba4330158a7a06a788ebce03f12e6ccfee.jpg,https://t.me/elon_qashqadaryo_elonlari_qarshi,true,true,154542,3,0,4041,0,0.0,"5",2022-11-12 19:23:58.182
cl8poyi6p1503i2e5fvmiezbo,VAXSHIY TARIX | 21+,"VAXSHIY TARIX - Yuragi bo'shlar, asab kasallari va jinoyatchilikga moyil insonlar kirishi qatiyan man etiladiâ—Reklama hizmati: @baraka_ads@VAXSHIY_TARIX - ortda qoldirgan har bir qadamimiz tarix...",//static7.tgstat.ru/channels/_0/69/692cdbfc1953dca4804a2f82575d470c.jpg,https://t.me/Vaxshiy_Tarix,true,true,153553,15,0,22471,0,2688.0,"16",2022-11-12 19:23:58.182
cl8poyi6y1515i2e5yiszqpib,QUR'ON VA SUNNAT,"Ğ¡Ğ¸Ğ· Ğ±Ñƒ ĞºĞ°Ğ½Ğ°Ğ»Ğ´Ğ° ÒšÑƒÑ€ÑŠĞ¾Ğ½ Ğ²Ğ° Ğ¡ÑƒĞ½Ğ½Ğ°Ñ‚Ğ´Ğ°Ğ½ Ñ„Ğ¾Ğ¹Ğ´Ğ°Ğ»Ğ¸ Ğ²Ğ¸Ğ´ĞµĞ¾ Ğ»Ğ°Ğ²Ò³Ğ°Ğ»Ğ°Ñ€, Ğ´ÑƒĞ¾Ğ»Ğ°Ñ€, Ñ„Ğ¾Ğ¹Ğ´Ğ°Ğ»Ğ¸ Ğ½Ğ°ÑĞ¸Ò³Ğ°Ñ‚Ğ»Ğ°Ñ€Ğ½Ğ¸ ĞºÑƒĞ·Ğ°Ñ‚Ğ¸Ğ± Ğ±Ğ¾Ñ€Ğ¸ÑˆĞ¸Ğ½Ğ³Ğ¸Ğ· Ğ¼ÑƒĞ¼ĞºĞ¸Ğ½.


ğŸ‘¨â€ğŸ’»  Murojaat uchun: @Muhammad_O24

Ğ´Ğ¸Ğ½Ğ¸Ğ¹ ÑĞ°Ğ²Ğ¾Ğ»Ğ»Ğ°Ñ€ ÑƒÑ‡ÑƒĞ½ ğŸ‘‡
ğŸ‘‰: Savollar.muslim.uz",https://data-img.socialjet.pro/c68290ee0e0e24af093d56c3b19ddf0431026273.jpg,https://t.me/Quron_Sunnat_maruza_namoz,true,true,153402,10,61,15199,0,0.0,"8",2022-11-12 19:23:58.182
cl8poyi761527i2e5v2obfp4q,KOMBAT 1337,"ĞœĞĞ™ Ğ¢Ğ•Ğ›Ğ•Ğ“Ğ ĞĞœĞœ - @KOMBAT1337
â€”â€”â€”â€”â€”â€”
Ğ¥ĞĞ§Ğ•Ğ¨Ğ¬ Ğ‘Ğ•Ğ—ĞĞŸĞĞ¡ĞĞ ĞšĞ£ĞŸĞ˜Ğ¢Ğ¬ ĞĞšĞšĞĞ£ĞĞ¢â“Ğ¢Ğ•Ğ‘Ğ• Ğ¡Ğ®Ğ”Ğâ—ï¸
â€”â€”â€”â€”â€”â€”
Ğ Ğ•Ğ—Ğ£Ğ›Ğ¬Ğ¢ĞĞ¢Ğ« / ĞĞ¢Ğ—Ğ«Ğ’Ğ« Ğ¡Ğ Ğ¡Ğ”Ğ•Ğ›ĞĞš
https://t.me/REW_KOMBAT",http://75.119.148.52/12b1d5709a7081e714a2372aab1ea26a5f5302fa.jpg,https://t.me/kombat_pubgm,true,true,152606,21,0,31832,0,0.0,"22",2022-11-12 19:23:58.182
cl8poyi7h1541i2e5oxjmsqxg,YOZGI KOYLAKLAR PAPLIN FASONLAR,"",//static5.tgstat.ru/channels/_0/85/85a4413ecea7122bcc399cf0a53bba26.jpg,https://t.me/paplin_fasonlar_yozgi_koylaklar,true,true,150983,3,0,5022,0,746.67,"4",2022-11-12 19:23:58.182
cl8poyi7s1553i2e569cp1ntj,Vkusno_by_Seva,"Ğ”ĞµĞ»ÑÑÑŒ Ñ€ĞµÑ†ĞµĞ¿Ñ‚Ğ°Ğ¼Ğ¸, ĞºĞ¾Ñ‚Ğ¾Ñ€Ñ‹Ğµ Ğ¸ÑĞ¿Ñ€Ğ¾Ğ±Ğ¾Ğ²Ğ°Ğ»Ğ° Ğ»Ğ¸Ñ‡Ğ½Ğ¾ Ğ¸ Ğ¿Ñ€Ğ¸Ğ²Ğ½ĞµÑĞ»Ğ°,Ñ‡Ñ‚Ğ¾ Ñ‚Ğ¾ ÑĞ²Ğ¾Ğµ. ĞœĞ¾Ğ¹ Instagram:https://instagram.com/vkusno_by_seva?igshid=YmMyMTA2M2Y=ĞœĞ¾Ğ¹ YouTube ĞºĞ°Ğ½Ğ°Ğ»:https://www.youtube.com/c/VkusnoBySevaReklama boâ€™yicha @vkusnoseva",//static4.tgstat.ru/channels/_0/61/61320f2b16d8837b75602e69b5fae1d6.jpg,https://t.me/seva_vkusno,true,true,150684,20,0,30828,0,0.0,"15",2022-11-12 19:23:58.182
cl8poyi811565i2e5k11qeq20,Ğ”Ğ°Ğ¹Ğ´Ğ¶ĞµÑÑ‚ - ĞĞ¾Ğ²Ğ¾ÑÑ‚Ğ¸ Ğ£Ğ·Ğ±ĞµĞºĞ¸ÑÑ‚Ğ°Ğ½Ğ°,"â–ªï¸Ğ”Ğ°Ğ¹Ğ´Ğ¶ĞµÑÑ‚ - Ğ½Ğ¾Ğ²Ğ¾ÑÑ‚Ğ½Ğ¾Ğ¹ ĞºĞ°Ğ½Ğ°Ğ», Ğ¿ÑƒĞ±Ğ»Ğ¸ĞºÑƒÑÑ‰Ğ¸Ğ¹ Ğ½Ğ°Ğ¸Ğ±Ğ¾Ğ»ĞµĞµ Ğ¸Ğ½Ñ‚ĞµÑ€ĞµÑĞ½Ñ‹Ğµ Ğ¼Ğ°Ñ‚ĞµÑ€Ğ¸Ğ°Ğ»Ñ‹ Ğ² ĞºÑ€Ğ°Ñ‚ĞºĞ¾Ğ¼ Ñ„Ğ¾Ñ€Ğ¼Ğ°Ñ‚Ğµ!

ğŸ“¥ ĞŸĞ¾ Ğ²Ğ¾Ğ¿Ñ€Ğ¾ÑĞ°Ğ¼ Ñ€ĞµĞºĞ»Ğ°Ğ¼Ñ‹: @digest_media",http://75.119.148.52/461de0aca73299c4bb7067b322bc1eda36c021a5.jpg,https://t.me/digestuz,true,true,150658,47,42,71156,0,8960.0,"2",2022-11-12 19:23:58.182
cl8poyi891577i2e5di0ae3oa,ğŸ“º FUTBOL âš½ï¸ (Rasmiy),"âš½ï¸Futbol muxlislari uchun maxsus kanalâœ”

ğŸ“° Yangiliklar
âš½ Online gollar
ğŸ“¸ Fotolar
ğŸ¬ Videolar
ğŸ¥… Anonslar
ğŸŒ Online Sharhlar faqat bizda!

ğŸ’° Reklama va takliflar uchun: @Social_Energy_UZ

Jadval va narx: tg.segroup.me?uz",//static9.tgstat.ru/channels/_0/6c/6cd4d4f7768fc86ca5642be0f600b518.jpg,https://t.me/FUDBOLTVHD_CHEMPIONLAR_UZSPORT,true,true,150508,15,0,22533,0,1333.33,"7",2022-11-12 19:23:58.182
cl8poyi8i1589i2e5py1gs4qd,Ğ—Ğ¸ĞºÑ€ Ğ°Ò³Ğ»Ğ¸Ğ´Ğ°Ğ½ ÑÑÑ€Ğ°Ğ½Ğ³,"ĞšĞ°Ğ½Ğ°Ğ» Ñ€Ğ°ÑĞ¼Ğ¸Ğ¹ ÑĞ°Ğ¹Ñ‚Ğ¸:
Savollar.islom.uz

islom.uz ĞºĞ°Ğ½Ğ°Ğ»Ğ»Ğ°Ñ€Ğ¸:
@Islomuz
@Hazratim_uz
@FiqhUz_kanal
@HilolNashr
@Quranuz_kanali
@wwwIslamUz
@Arabicuz
@BintuSodiq
@Siyrat_uz
@Muslimaatuz
@Hadisislomuz

Â©ĞšĞ°Ğ½Ğ°Ğ»Ğ´Ğ°Ğ½ Ğ¼Ğ°ÑŠĞ»ÑƒĞ¼Ğ¾Ñ‚ Ğ¾Ğ»Ğ¸Ğ½Ğ³Ğ°Ğ½Ğ´Ğ° Ğ¼Ğ°Ğ½Ğ±Ğ° ĞºÑÑ€ÑĞ°Ñ‚Ğ¸Ğ»Ğ¸ÑˆĞ¸ ÑˆĞ°Ñ€Ñ‚!",http://75.119.148.52/994804ecdb2d2f6682c0e7e6c1bcff7d5b23be95.jpg,https://t.me/savollar_kanal,true,true,150376,24,0,36081,0,0.0,"5",2022-11-12 19:23:58.182
cl8poyi8q1601i2e5qg7jgi71,Qora Videolar Rasmiy,( Rasmiy kanal ! Qolganlari feyk ğŸ˜’) ğŸ–‡ Mativatsiya beruvchi kanalimizâ˜” ğŸ¤´1- bizda 59 sekunddan keyin boshqa    kanallada ğŸ˜ ğŸ‘‹ Region : Xorazm ğŸ‘‘ #Sabr....150 Kâ–¶ï¸ Xabarlar : @Kanalimiz_Azosidan( Admin : @Shox_07_10  ğŸ’Œ,//static9.tgstat.ru/channels/_0/69/69a3a4b9046ae45c687e7b3adfbbfbd9.jpg,https://t.me/Qora_videolarr,true,true,148490,7,0,11130,0,453.33,"3",2022-11-12 19:23:58.182
cl8poyi8z1613i2e50djh6a6y,ABDUKARIM MIRZAYEV | Ğ Ğ°ÑĞ¼Ğ¸Ğ¹ ĞºĞ°Ğ½Ğ°Ğ»,"Jurnalist Abdukarim Mirzayevning rasmiy Telegram sahifasi 

.
Reklama va hamkorlik uchun @Foyda_liy ga yozing!",http://75.119.148.52/8f0ccb77730d7dfb4e3def363dfe2588523f6474.jpg,https://t.me/abdukarim_mirzayev_kanali,true,true,148078,24,0,35591,0,356.0,"5",2022-11-12 19:23:58.182
cl8poyi961625i2e53a39xui4,Siz Bop | TV ğŸ“º,"Assalomu alaykum!Siz ""Siz bop | TV ğŸ“º â€ Rasmiy kanalidasizYurtimiz va jahonda ro'y berayotgan eng so'nggi yangiliklar va ko'rgazmali reportajlardan bizning kanalda xabardor bo'ling.Ğ ĞµĞºĞ»Ğ°Ğ¼Ğ° @student1282",//static4.tgstat.ru/channels/_0/82/823485b48430025163c08d5c9b1a7803.jpg,https://t.me/siz_boptv,true,true,148043,2,0,3390,0,373.33,"4",2022-11-12 19:23:58.182
cl8poyi9i1637i2e5qgko15ox,Tezkor xabarlar,Ğ­Ğ½Ğ³ ÑÑĞ½Ğ³Ğ³Ğ¸ Ñ‚ĞµĞ·ĞºĞ¾Ñ€ Ñ…Ğ°Ğ±Ğ°Ñ€Ğ»Ğ°Ñ€ Ğ²Ğ° Ğ´Ğ¾Ğ»Ğ·Ğ°Ñ€Ğ± ÑĞ½Ğ³Ğ¸Ğ»Ğ¸ĞºĞ»Ğ°Ñ€!Ğ ĞµĞºĞ»Ğ°Ğ¼Ğ° â€“ @TXREKLAMA,//static3.tgstat.ru/channels/_0/d3/d397b3a9a114f8c88d6689c32f663e6d.jpg,https://t.me/Tezkor_Xabarlar_24_Yangiliklari,true,true,147727,8,0,11153,0,3360.0,"4",2022-11-12 19:23:58.182
cl8poyi9r1649i2e5b0ag5ffu,ğŸ‡ºğŸ‡¿BiznestovarğŸ‡ºğŸ‡¿,"ğŸ‡ºğŸ‡¿ Ğ¢Ğ°Ğ´Ğ±Ğ¸Ñ€ĞºĞ¾Ñ€Ğ»Ğ°Ñ€Ğ¸ Ğ£Ñ‡ÑƒĞ½: 
Ğ¥Ğ°Ñ€ Ñ…Ğ¸Ğ» Ğ¢ÑƒÑ€Ğ´Ğ°Ğ³Ğ¸ Ğ¡Ñ‚Ğ°Ğ½Ğ¾ĞºĞ»Ğ°Ñ€ Ğ°Ğ¿Ğ¿Ğ°Ñ€Ğ°Ñ‚Ğ»Ğ°Ñ€ ÑƒÑĞºÑƒĞ½Ğ°Ğ»Ğ°Ñ€ Ğ²Ğ° Ñ…Ğ¾ĞºĞ°Ğ·Ğ¾ Ğ¡Ğ¾Ñ‚Ğ¸ÑˆĞ¸Ğ½Ğ³Ğ¸Ğ· ÑĞ¾Ñ‚Ğ¸Ğ± Ğ¾Ğ»Ğ¸ÑˆĞ¸Ğ½Ğ³Ğ¸Ğ· Ğ¼ÑƒĞ¼ĞºÑƒĞ½!!!

 ĞšĞ°Ğ½Ğ°Ğ»Ğ¸Ğ¼Ğ¸Ğ· ĞĞ·Ğ±ĞµĞºĞ¸ÑÑ‚Ğ¾Ğ½ Ğ±Ğ¾Ğ¹Ğ»Ğ°Ğ±âœ…

   ğŸ’°ĞœÑƒÑ€Ğ¾Ğ¶Ğ°aÑ‚ ÑƒÑ‡ÑƒĞ½ğŸ’° 
    ğŸ‘‡ğŸ‘‡ğŸ‘‡ğŸ‘‡ğŸ‘‡ğŸ‘‡
 @Creator7007  ğŸ’µ",https://data-img.socialjet.pro/9dba8eb12ecf050148b19f77fccf07932b179cc1.jpg,https://t.me/Biznestovar_stanoklar_shlakablok,true,true,146786,5,0,6644,0,200.0,"6",2022-11-12 19:23:58.182
cl8poyia21661i2e5okmtraxq,TOSHKENT UY BOZOR,"Ğ£Ğ¹ Ğ¶Ğ¾Ğ¹ Ğ¾Ğ»Ğ¸Ñˆ Ğ²Ğ° ÑĞ¾Ñ‚Ğ¸ÑˆĞ´Ğ° Ò›Ğ¸Ğ¹Ğ½Ğ°Ğ»ÑĞ¿ÑĞ¸Ğ·Ğ¼Ğ¸? Ğ‘Ğ¸Ğ· ÑĞ¸Ğ·Ğ³Ğ° Ñ‘Ñ€Ğ´Ğ°Ğ¼ Ğ±ĞµÑ€Ğ°Ğ¼Ğ¸Ğ·ğŸ’¯

Ğ ĞµĞºĞ»Ğ°Ğ¼Ğ° Ğ±ĞµÑ€Ğ¸Ñˆ ÑƒÑ‡ÑƒĞ½:
ğŸ‘‰ @ASILBEK_YOQUBJONOV Ğ³Ğ° Ñ‘Ğ·Ğ¸Ğ½Ğ³

ğŸ“ Ğ¢ĞµĞ»: +998 90 200 65 12

ğŸ‘‰ @sotilgan_uylar_royhati

ğŸ“„1002058-ÑĞ¾Ğ½Ğ»Ğ¸ Ğ³ÑƒĞ²Ğ¾Ñ…Ğ½Ğ¾Ğ¼Ğ° Ğ°ÑĞ¾ÑĞ¸Ğ´Ğ° Ñ„Ğ°Ğ¾Ğ»Ğ¸ÑÑ‚ Ğ¾Ğ»Ğ¸Ğ± Ğ±Ğ¾Ñ€Ğ°Ğ¼Ğ¸Ğ· !",//static6.tgstat.ru/channels/_0/b3/b3681a1a947130845c1cd90b39302f66.jpg,https://t.me/BOZOR_UY_TOSHKENT,true,true,146356,3,0,4385,0,666.67,"6",2022-11-12 19:23:58.182
cl8poyidq1855i2e5soc1pmaz,OPER UZ,"Ğ¢ĞµĞ·ĞºĞ¾Ñ€ ÑĞ½Ğ³Ğ¸Ğ»Ğ¸ĞºĞ»Ğ°Ñ€ Ñ„Ğ°Ò›Ğ°Ñ‚Ğ³Ğ¸Ğ½Ğ° ğŸ‘‰ğŸ»OPER UZğŸ‘ˆğŸ»Ğ´Ğ°

Ğ’Ğ¾Ò›ĞµĞ° Ğ²Ğ° Ñ…Ğ¾Ğ´Ğ¸ÑĞ°Ğ³Ğ° Ğ³ÑƒĞ²Ğ¾Ò³ Ğ±ÑĞ»Ğ´Ğ¸Ğ½Ğ³Ğ¸Ğ·Ğ¼Ğ¸ ğŸ‘€
Ğ±Ğ¸Ğ·Ğ³Ğ° ÑĞ±Ğ¾Ñ€Ğ¸Ğ½Ğ³, Ğ±Ğ¸Ğ· ĞºĞ°Ğ½Ğ°Ğ»Ğ³Ğ° Ñ‡Ğ¸Ò›Ğ°Ñ€Ğ°Ğ¼Ğ¸Ğ·ğŸ‘‡
@oper_uz_botğŸ‘ˆ

Ğ˜Ğ½ÑÑ‚Ğ°Ğ³Ñ€Ğ°Ğ¼ğŸ‘‰ Instagram.com/oper_rasmiy
Ğ ĞµĞºĞ»Ğ°Ğ¼Ğ° ÑƒÑ‡ÑƒĞ½ ğŸ‘‰ğŸ» @oper_admin",http://75.119.148.52/ed1a1f93388b1c2cbbe56a433ad7634554046aeb.jpg,https://t.me/oper_uza,true,true,138004,30,0,41330,0,1784.0,"5",2022-11-12 19:23:58.182
cl8poyiaa1673i2e59v7plsi7,Muzikalar Music2022,ğŸ‡ºğŸ‡¿ - ĞĞ·Ğ±ĞµĞºÑ‡Ğ°ğŸ‡·ğŸ‡º - Ğ ÑƒÑÑ‡Ğ°ğŸ‡ºğŸ‡¸ - Ğ˜Ğ½Ğ³Ğ»Ğ¸Ğ·Ñ‡Ğ°ğŸ‡¹ğŸ‡· - Ğ¢ÑƒÑ€ĞºÑ‡Ğ°ğŸ‡¸ğŸ‡¦ - ĞÑ€Ğ°Ğ±Ñ‡Ğ°ğŸ‡®ğŸ‡³ - Ğ¥Ğ¸Ğ½Ğ´Ñ‡Ğ°ğŸ‡°ğŸ‡¿ - ÒšĞ¾Ğ·Ğ¾Ò›Ñ‡Ğ°..ğŸ‘¤ĞĞ´Ğ¼Ğ¸Ğ½ Ğ±Ğ¸Ğ»Ğ°Ğ½ Ğ°Ğ»Ğ¾Ò›Ğ°: @MuzikalarAdmin  ğŸ‘ˆ...ğŸµĞœÑƒÑĞ¸Ò›Ğ° Ò›Ğ¸Ğ´Ğ¸Ñ€Ğ¸Ñˆ : @mp3IzlaBoT  ğŸ‘ˆ...ğŸµ Ğ¢ĞµĞ»ĞµĞ³Ñ€Ğ°Ğ¼Ğ´Ğ°Ğ³Ğ¸ ÑĞ½Ğ³ ÑÑĞ½Ğ³Ğ³Ğ¸ Ñ…Ğ¸Ñ‚ Ò›ÑÑˆĞ¸Ò›Ğ»Ğ°Ñ€ Ñ„Ğ°Ò›Ğ°Ñ‚ Ğ±Ğ¸Ğ·Ğ´Ğ°!ğŸ‘‡,//static7.tgstat.ru/channels/_0/e6/e664675d42eeddd5befc3d01f66d371c.jpg,https://t.me/MUZIKALAR_TURKCHA_MUSIQALAR_KLIP,true,true,146251,20,0,29587,0,0.0,"10",2022-11-12 19:23:58.182
cl8poyiak1685i2e5fndcuawp,Raqamli pedagogik xizmatlar,Ushbu kanal xalq ta'limi xodimlariga raqamli pedagogik xizmatlar koâ€˜rsatish maqsadida yaratildi.Tel: (98) 160-10-80Platformadan foydalanish videodars: @lms_video_botReklama uchun- @reklama_rpx_botSavol-javob: http://t.me/joinchat/UthvxcGuRTIyMjZi,//static9.tgstat.ru/channels/_0/95/95412ef45a38d0f443d2cd04194ca427.jpg,https://t.me/raqamli_pedagogik_xizmatlar,true,true,146157,27,38,39906,0,0.0,"2",2022-11-12 19:23:58.182
cl8poyias1697i2e5nv23hztu,UZBOOM | Ğ Ğ°ÑĞ¼Ğ¸Ğ¹ ĞºĞ°Ğ½Ğ°Ğ»!,ğŸ‡ºğŸ‡¿ Ğ­Ğ½Ğ³ ÑÑĞ½Ğ³Ğ¸ ÑĞ½Ğ³Ğ¸Ğ»Ğ¸ĞºĞ»Ğ°Ñ€Ğ´Ğ°Ğ½ Ğ²Ğ° Ò›Ğ¸Ğ·Ğ¸Ò›Ğ°Ñ€Ğ»Ğ¸ Ğ²Ğ¸Ğ´ĞµĞ¾Ğ»Ğ°Ñ€Ğ´Ğ°Ğ½ Ñ…Ğ°Ğ±Ğ°Ñ€Ğ´Ğ¾Ñ€ Ğ±ÑĞ»Ğ¸Ğ½Ğ³!â—ï¸Ğ¢ĞµĞ·ĞºĞ¾Ñ€ Ñ…Ğ°Ğ±Ğ°Ñ€Ğ»Ğ°Ñ€ Ğ²Ğ° ÑĞ½Ğ³Ğ¸ Ğ²Ğ¸Ğ´ĞµĞ¾Ğ»Ğ°Ñ€ Ğ±ÑĞ»ÑĞ° Ğ±Ğ¸Ğ·Ğ³Ğ° ÑĞ±Ğ¾Ñ€Ğ¸Ğ½Ğ³: @UZBOOM_admin,//static6.tgstat.ru/channels/_0/e0/e06b8e9ddbf032cc2573a69747e0bbc2.jpg,https://t.me/UZBOOM,true,true,145608,33,0,47452,0,1866.67,"4",2022-11-12 19:23:58.182
cl8poyib11709i2e5fe1n0txu,Namanganliklar24.Uz,"ğŸŒNamanganliklar24.uz ÑĞ°Ò³Ğ¸Ñ„Ğ°Ğ»Ğ°Ñ€Ğ¸:

ğŸ“²youtube.com/namanganliklar24
ğŸ“²instagram.com/namanganliklar24.uz
ğŸ“²tiktok.com/@namanganliklar24.uz

ğŸ“©ĞœÑƒÑ€Ğ¾Ğ¶Ğ°Ğ°Ñ‚ ÑƒÑ‡ÑƒĞ½: @nam24bot
ğŸ’¸Ğ ĞµĞºĞ»Ğ°Ğ¼Ğ°: @nam_admin1

ğŸ“„ĞĞĞšĞ Ñ‚Ğ¾Ğ¼Ğ¾Ğ½Ğ¸Ğ´Ğ°Ğ½ Ğ±ĞµÑ€Ğ¸Ğ»Ğ³Ğ°Ğ½â„– 1351  Ğ³ÑƒĞ²Ğ¾Ò³Ğ½Ğ¾Ğ¼Ğ° Ğ°ÑĞ¾ÑĞ¸Ğ´Ğ° Ñ„Ğ°Ğ¾Ğ»Ğ¸ÑÑ‚ ÑÑ€Ğ¸Ñ‚Ğ°Ğ¼Ğ¸Ğ·",//static2.tgstat.ru/channels/_0/ef/ef863f910ed4c46b4236ff9db2a7604e.jpg,https://t.me/Namanganliklar,true,true,145324,9,0,13270,0,1306.67,"5",2022-11-12 19:23:58.182
cl8poyib91721i2e5xnt9vy9h,XIT MUZIKA ğŸ¶,"ğŸµ Eng so'nggi 2022 Xit Muzikalar bizdağŸ”¥

ğŸ§Arabic âœµ | âœµ Turkish
      = = = = = = = = = = =
ğŸ¶ Latino âœµ | âœµ Indian
      = = = = = = = = = = =
ğŸ§ Remix âœµ | âœµ Club
      = = = = = = = = = = = 
ğŸ¶Uzbek âœµ | âœµRussian

Creator:Îâ˜ @Uzboss
Reklama â˜ @SotiladUz",http://75.119.148.52/b4df10f03d82cc46af773c0d3c28e7c61fa5216e.jpg,https://t.me/Xit_Muzika_Bass_Music_Trendmuzi,true,true,145060,6,0,9013,0,2240.0,"2",2022-11-12 19:23:58.182
cl8poyibh1733i2e5gorn4s8j,PSIXOLOGIK TEST,"ğŸ§¿ Psixologiya kanaliga xush kelibsiz

â—¾ï¸ Psixologiyadan testlar
â—¾ï¸ Psixologik faktlar 

Psixologik testlar ğŸ’¯ toÊ»gÊ»ri emas maksimum 99% toÊ»gÊ»ri chiqadi

Reklama bo'yicha @psixo_reklama",https://data-img.socialjet.pro/264d03f3cd1819688f8be9f781753533305da17e.jpg,https://t.me/psixologiya_psixalogiya_test,true,true,143689,12,0,17947,0,0.0,"23",2022-11-12 19:23:58.182
cl8poyibq1747i2e57knlchv0,Tun u Kun Uz | Tezkor xabarlar,"ğŸ‡ºğŸ‡¿ĞšĞĞ¢Ğ¢ĞĞ›ĞĞ  Ğ£Ğ§Ğ£Ğâ—â³""Ğ¢ÑƒĞ½-Ñƒ ĞšÑƒĞ½"" Ñ…Ğ°Ğ±Ğ°Ñ€Ğ»Ğ°Ñ€ Ğ²Ğ° Ğ²Ğ¾Ò›ĞµĞ°Ğ»Ğ°Ñ€Ğ½Ğ¸ Ğ±Ğ¸Ñ€Ğ¸Ğ½Ñ‡Ğ¸Ğ»Ğ°Ñ€Ğ´Ğ°Ğ½ Ğ±ÑĞ»Ğ¸Ğ± Ñ…Ğ°Ğ±Ğ°Ñ€Ğ´Ğ¾Ñ€ Ò›Ğ¸Ğ»Ğ°Ğ´Ğ¸Ğ³Ğ°Ğ½ ĞºĞ°Ğ½Ğ°Ğ»!Ğ’Ğ¾Ò›ĞµĞ° Ğ²Ğ° Ñ…Ğ¾Ğ´Ğ¸ÑĞ°Ğ³Ğ° Ğ³ÑƒĞ²Ğ¾Ò³ Ğ±ÑĞ»Ğ´Ğ¸Ğ½Ğ³Ğ¸Ğ·Ğ¼Ğ¸ ğŸ‘€Ğ±Ğ¸Ğ·Ğ³Ğ° ÑĞ±Ğ¾Ñ€Ğ¸Ğ½Ğ³, Ğ±Ğ¸Ğ· ĞºĞ°Ğ½Ğ°Ğ»Ğ³Ğ° Ñ‡Ğ¸Ò›Ğ°Ñ€Ğ°Ğ¼Ğ¸Ğ·ğŸ“®Ğ ĞµĞºĞ»Ğ°Ğ¼Ğ°: @Tun_and",//static1.tgstat.ru/channels/_0/9d/9d7b5a27d4d64efcc8bcf24ffd953555.jpg,https://t.me/TunuKunUz,true,true,143577,17,0,23706,0,0.0,"4",2022-11-12 19:23:58.182
cl8poyiby1759i2e53z5h2ady,ĞŸĞ Ğ˜ĞšĞĞ› Ğ’Ğ˜Ğ”Ğ•ĞĞ›ĞĞ  ğŸ”¥,"ğŸ¥Ğ¢Ğ¸Ğº-Ğ¢Ğ¾Ğº Ğ›Ğ¸ĞºĞµĞµ ğŸ“½ Ğ˜Ğ½ÑÑ‚Ğ°Ğ³Ñ€Ğ°Ğ¼ Ğ²Ğ° Ğ‘ÑƒÑ‚ÑƒĞ½ Ğ˜Ğ½Ñ‚ĞµÑ€Ğ½ĞµÑ‚ ĞĞ»Ğ°Ğ¼Ğ¸Ğ´Ğ°Ğ³Ğ¸ Ğ­Ğ½Ğ³ Ğ¡Ğ°Ñ€Ğ° Ğ¨Ğ¾Ğ²-Ğ¨Ğ¾Ğ²Ğ»Ğ¸ ğŸ ĞšĞ¸Ğ·Ğ¸ĞºĞ°Ñ€Ğ»Ğ¸ Ğ²Ğ° ĞšÑƒĞ»Ğ³ÑƒĞ»Ğ¸ ĞšĞ¾Ğ¼ĞµĞ´Ñ ğŸ˜‚ Ğ’Ğ¸Ğ´ĞµĞ¾Ğ»Ğ°Ñ€Ğ½Ğ¸ Ğ‘Ğ¸Ñ€Ğ¸Ğ½Ñ‡Ğ¸ Ğ‘Ğ¸Ğ· Ğ‘Ğ¸Ğ»Ğ°Ğ½ ĞšÑƒĞ·Ğ°Ñ‚Ğ¸Ğ± Ğ‘Ğ¾Ñ€Ğ¸Ğ½Ğ³! ğŸ¤ª


ğŸ’° Reklama uchun: @asadbek_1454 ğŸ‘ˆ

Reklama: @Social_Energy_UZ 
Jadval va narx: tg.segroup.me?u",http://75.119.148.52/bc5bc36ef419e75915c7d9da61b72aa44f3bf5d7.jpg,https://t.me/SHOHONA_MILLION_LATIFALAR,true,true,142869,18,0,26192,0,2093.33,"3",2022-11-12 19:23:58.182
cl8poyic61771i2e52tdv7dl6,Sá´É¢ÉªÉ´á´…Éªá´ É´á´‡á´›á´€Ê,ğ‡ğ”ğ’ğ‡ ğŠğ„ğ‹ğˆğğ’ğˆğ™â˜ºï¸sá´‡á´ É¢Éª Êœá´€Ç«Éªá´…á´€...â¤ï¸á´€á´¢á´Ê™ÊŸÉª á´›á´œÊÉ¢á´œÊŸá´€Ê€...ğŸ’”á´€Ê€á´á´É´ÊŸÉª sá´‡á´ É¢Éª...ğŸ¥€Sá´xá´›á´€ sá´‡á´ É¢Éª...ğŸ˜”á´á´›É¢á´€É´ á´‹á´œÉ´ÊŸá´€Ê€Éªá´.ğŸ¤«Reklama uchun. @ANDIJANSKI_02,//static8.tgstat.ru/channels/_0/1a/1a96169ec83bf7d31342ae173118c3fd.jpg,https://t.me/sogindim_netay,true,true,142762,2,0,2962,0,226.67,"5",2022-11-12 19:23:58.182
cl8poyice1783i2e54e3havxc,DOLLAR KURSIğŸ’²,"âœ… Ğ”Ğ¾Ğ»Ğ»Ğ°Ñ€ ĞºÑƒÑ€ÑĞ¸Ğ½Ğ¸ Ğ°Ğ½Ğ¸Ò› Ñ‘Ñ€Ğ¸Ñ‚Ğ¸Ğ± Ğ±Ğ¾Ñ€ÑƒĞ²Ñ‡Ğ¸ Ñ€Ğ°ÑĞ¼Ğ¸Ğ¹ ĞºĞ°Ğ½Ğ°Ğ»!

ğŸ› Ğ‘Ğ°Ğ½Ğº ĞºÑƒÑ€ÑĞ¸ - 08:00
ğŸ’² Ğ‘Ğ¾Ğ·Ğ¾Ñ€ ĞºÑƒÑ€ÑĞ¸ - 11:00

â›”ï¸ Ò²ĞµÑ‡ Ò›Ğ°Ğ½Ğ´Ğ°Ğ¹ Ñ€ĞµĞºĞ»Ğ°Ğ¼Ğ°ÑĞ¸Ğ·

â€¼ï¸ ĞšÑƒÑ€ÑĞ½Ğ¸ ĞºÑÑ€Ğ¸Ñˆ ÑƒÑ‡ÑƒĞ½ ĞºĞ°Ğ½Ğ°Ğ»Ğ³Ğ° Ğ¾Ğ±ÑƒĞ½Ğ° Ğ±ÑĞ»Ğ¸ÑˆĞ¸Ğ½Ğ³Ğ¸Ğ· ĞºĞµÑ€Ğ°Ğº!",//static8.tgstat.ru/channels/_0/e7/e73471a66bae96048d10cd08c35d5366.jpg,https://t.me/dollar_rubl_dollor_kursi,true,true,142467,5,77,6567,0,0.0,"5",2022-11-12 19:23:58.182
cl8poyicm1795i2e5080bkfnp,Pirikollar xazillar latifalar,"â˜ï¸Tabassumsiz kun - yoâ€˜qolgan kun.

ğŸ”„ Internetda video kanallar koâ€˜p, lekin eng eng eng zoâ€˜rlarini saralab beradigani yoâ€˜q!

â˜ï¸Siz esa aynan shunday saralangan "" @UZBEKONA_PRIKOL"" kanalidasiz! Biz bilan aslo zerikmaysiz!",//static7.tgstat.ru/channels/_0/0e/0e8072436a0fc76ff1648442672d8d81.jpg,https://t.me/pirikollar_xazillar_pirkollar,true,true,142401,2,0,3077,0,0.0,"8",2022-11-12 19:23:58.182
cl8poyicu1807i2e5w4jw1644,Jaloliddin Ahmadaliyev,ğŸ‡ºğŸ‡¿Kanalimiz Jaloliddin Ahmadaliyev haqida ma'lumotlar bilan sizlarni xursand qiladi Xudo xoxlasağŸ¤²  #VideolariğŸ¥  | #QoshiqlarğŸ¤  | #CoverlarğŸ¶ InstagramğŸš©http://instagram.com/Ozodbek_OtabekevichREKLAMA: @ADMlN7Arzon Savdo: @online_magazinim,//static2.tgstat.ru/channels/_0/c4/c41ea209e7bee3db6108acc1dd790f63.jpg,https://t.me/Jaloliddin_Ahmadaliyev_DostonEr,true,true,142297,7,0,10280,0,680.0,"2",2022-11-12 19:23:58.182
cl8poyid21819i2e5757dg1p0,KULGU PRIKOL ğŸ˜‚,ĞšĞ£Ğ›Ğ“Ğ£ ÑƒĞ¼Ñ€Ğ½Ğ¸ ÑƒĞ·Ğ°Ğ¹Ñ‚Ğ¸Ñ€Ğ°Ğ´Ğ¸.Ğ‘Ğ¸Ğ· ÑƒĞ¼Ñ€Ğ¸Ğ½Ğ³Ğ¸Ğ· ÑƒĞ·Ğ¾Ğº Ğ±ÑĞ»Ğ¸ÑˆĞ¸Ğ½Ğ¸ Ğ¸ÑÑ‚Ğ°Ğ¹Ğ¼Ğ¸Ğ· ğŸ˜Ğ¡Ğ¸Ğ· Ñ‚ĞµĞ»ĞµĞ³Ñ€Ğ°Ğ¼Ğ´Ğ°Ğ³Ğ¸ ÑĞ½Ğ³ ÑÑ…ÑˆĞ¸ ĞºĞ°Ğ½Ğ°Ğ»Ğ´Ğ°ÑĞ¸Ğ· ğŸ‘†Ğ‘Ğ¸Ğ· Ğ±Ğ¸Ğ»Ğ°Ğ½ Ñ…Ğ°Ğ¼Ğ¼Ğ°ÑĞ¸ ÑÑ…ÑˆĞ¸! ğŸŒ Ğ ĞµĞºĞ»Ğ°Ğ¼Ğ° Ğ£Ñ‡ÑƒĞ½ ğŸ‘‡@Armonimsan_admin,//static10.tgstat.ru/channels/_0/c0/c0d4ab213d7f29211e36b6a53e061db9.jpg,https://t.me/Tilla_Prikol,true,true,142275,15,0,21768,0,0.0,"13",2022-11-12 19:23:58.182
cl8poyida1831i2e5x2wtfbqa,ğŸ“½ Eng Qiziqarli Videolar,"ğŸ‘‡Musiqa kanalimiz bu yerdağŸ‘‡
https://t.me/+tqEirAj6R50wYjky
.

Har kuni eng qiziqarli videolarni siz uchun yuklab boramiz. âš¡

Kulgili va ajablanarli olamni biz bilan kuzatib boring. ğŸŒ“

ğŸ”ºBiz bilan qoling, eng zo'rlari oldinda!



ğŸ“ˆReklama: @RekIama24,",http://75.119.148.52/93455e6014f2e64cf0341a34208ca61027b0c474.jpg,https://t.me/Engqiziquz,true,true,139299,14,84,20120,0,1120.0,"3",2022-11-12 19:23:58.182
cl8poyidi1843i2e51spo7e32,DUNYO ğŸŒ,"ĞšÑĞ·Ğ³Ğ° ĞšÑÑ€Ğ¸Ğ½Ğ³Ğ°Ğ½Ğ¸ Ğ“ÑÑ‘ Ğ±Ğ¸Ñ€ Ğ ÑÑ‘
ĞĞ¶Ğ¸Ğ± Ğ¡Ğ¸Ñ€Ğ»Ğ°Ñ€Ğ³Ğ° Ğ‘Ğ¾Ğ¹ Ğ¡ĞµÒ³Ñ€Ğ»Ğ¸ Ğ”ÑƒĞ½Ñ‘ ğŸŒ

ĞĞ·Ğ±ĞµĞºĞ¸ÑÑ‚Ğ¾Ğ½Ğ´Ğ° Ğ²Ğ° Ğ”ÑƒĞ½Ñ‘Ğ´Ğ° Ğ±ÑĞ»Ğ°Ñ‘Ñ‚Ğ³Ğ°Ğ½ ÑĞ½Ğ³  Ñ‚ĞµĞ·ĞºĞ¾Ñ€ ÑĞ½Ğ³Ğ¸Ğ»Ğ¸ĞºĞ»Ğ°Ñ€ Ğ±Ğ¸Ñ€Ğ¸Ğ½Ñ‡Ğ¸ Ğ±Ğ¸Ğ·Ğ´Ğ° !

Instagram.com/dunyotv_

Ğ ĞµĞºĞ»Ğ°Ğ¼Ğ° ÑƒÑ‡ÑƒĞ½ğŸ‘‰ @DunyoTv_Ads",https://data-img.socialjet.pro/466052ed1956f885ca8d95d416515c306a504a8d.jpg,https://t.me/DUNYOtv,true,true,138122,27,0,37282,0,0.0,"16",2022-11-12 19:23:58.182
cl8poyv8323313i2e5kj6fmj47,Ğ£ĞœĞĞ  Ğ¥Ğ•Ğ¥ĞĞ•Ğ’,ĞĞ´Ğ¼Ğ¸Ğ½: Ğ£Ğ¼Ğ°Ñ€,//static6.tgstat.ru/channels/_0/51/51b03e1440932afcd4c75ef53711105f.jpg,https://t.me/umarhehoev,true,true,10469,18,0,1915,0,666.67,"8",2022-11-12 19:23:58.182
cl8poyie11867i2e5i5aeloww,Abdulloh Domla Ma'ruzalari (Ilmnuri),"ĞĞ±Ğ´ÑƒĞ»Ğ»Ğ¾Ò³ Ğ”Ğ¾Ğ¼Ğ»Ğ° ĞœĞ°ÑŠÑ€ÑƒĞ·Ğ°Ğ»Ğ°Ñ€Ğ¸ ĞºĞ°Ğ½Ğ°Ğ»Ğ¸Ğ³Ğ° Ò²ÑƒÑˆ ĞºĞµĞ»Ğ¸Ğ±ÑĞ¸Ğ·

""Abdulloh Domla Ma'ruzalari (Ilmnuri)"" ĞºĞ°Ğ½Ğ°Ğ»Ğ¸ Ñ„Ğ°Ò›Ğ°Ñ‚ Ñ€Ğ°ÑĞ¼Ğ¸Ğ¹ Ğ¼Ğ°Ğ½Ğ±Ğ°Ğ»Ğ°Ñ€ Ğ°ÑĞ¾ÑĞ¸Ğ´Ğ° Ñ„Ğ°Ğ¾Ğ»Ğ¸ÑÑ‚ Ğ¾Ğ»Ğ¸Ğ± Ğ±Ğ¾Ñ€Ğ¸Ğ»Ğ°Ğ´Ğ¸.

Ğ‘Ğ¸Ğ·Ğ½Ğ¸Ğ½Ğ³ TikTok.  http://tiktok.com/@abdullohdomlauz


Ğ ĞµĞºĞ»Ğ°Ğ¼Ğ¼Ğ°: @Muhammad_Saloh_22",http://75.119.148.52/c280686cff69d98f802f3a037f2f67a72c7b10f9.jpg,https://t.me/abdulloh_domla_ilmnuri_sahobalar,true,true,137844,15,77,20077,0,1426.67,"5",2022-11-12 19:23:58.182
cl8poyiea1879i2e5xdd280fw,YANGILIKLAR 24,â˜‘ï¸ ĞĞ·Ğ±ĞµĞºĞ¸ÑÑ‚Ğ¾Ğ½Ğ´Ğ° Ğ²Ğ° Ğ”ÑƒĞ½Ñ‘Ğ´Ğ° ÑĞ¾Ğ´Ğ¸Ñ€  Ğ±ÑĞ»Ğ°Ñ‘Ñ‚Ğ³Ğ°Ğ½ Ğ²Ğ¾Ò›ĞµĞ°Ğ»Ğ°Ñ€ Ğ²Ğ° ÑĞ½Ğ³Ğ¸Ğ»Ğ¸ĞºĞ»Ğ°Ñ€ 1-Ğ±Ğ¸Ğ·Ğ´Ğ° ĞºĞµĞ¹Ğ¸Ğ½ Ğ±Ğ¾ÑˆÒ›Ğ°Ğ»Ğ°Ñ€Ğ´Ğ°!Ğ’Ğ¾Ò›ĞµĞ° Ğ²Ğ° Ñ…Ğ¾Ğ´Ğ¸ÑĞ°Ğ³Ğ° Ğ³ÑƒĞ²Ğ¾Ò³ Ğ±ÑĞ»Ğ´Ğ¸Ğ½Ğ³Ğ¸Ğ·Ğ¼Ğ¸ ğŸ‘€Ğ±Ğ¸Ğ·Ğ³Ğ° ÑĞ±Ğ¾Ñ€Ğ¸Ğ½Ğ³ğŸ‘¨â€ğŸ’»ĞĞ”ĞœĞ˜Ğ : @OLTINADMINğŸ‘‰ğŸ» Instagram.com/yangiliklar25 300kğŸ’¥ã…¤ã…¤ã…¤ã…¤ã…¤ã…¤ã…¤ã…¤ã…¤ã…¤ã…¤ã…¤ã…¤ã…¤ã…¤ã…¤ã…¤ã…¤ã…¤ã…¤ã…¤,//static6.tgstat.ru/channels/_0/0e/0e93d2335f26bdbb0e059e00f0fcbc28.jpg,https://t.me/uzbekiston24_zamonuz_ozbekiston,true,true,136698,20,85,27975,0,1493.33,"4",2022-11-12 19:23:58.182
cl8poyiei1891i2e57z2uwto7,Buxoroliklar 24 | Ğ Ğ°ÑĞ¼Ğ¸Ğ¹,ğŸ‡ºğŸ‡¿Ğ¡Ğ¸Ğ· Ğ‘Ğ£Ğ¥ĞĞ ĞĞ›Ğ˜ĞšĞ›ĞĞ  ÑƒÑ‡ÑƒĞ½ Ğ¾Ñ‡Ğ¸Ğ»Ğ³Ğ°Ğ½ ÑĞ½Ğ³ ĞºĞ°Ñ‚Ñ‚Ğ° ĞºĞ°Ğ½Ğ°Ğ»Ğ´Ğ°ÑĞ¸Ğ·ğŸ’¯Ğ ĞµĞºĞ»Ğ°Ğ¼Ğ° ÑƒÑ‡ÑƒĞ½ - @Buxoroliklar_adminiğŸ“¬ Ğ‘Ğ¸Ñ€Ğ¾Ñ€ Ğ²Ğ¾Ò›ĞµĞ° Ğ³ÑƒĞ²Ğ¾Ñ…Ğ¸ Ğ±ÑĞ»ÑĞ°Ğ½Ğ³Ğ¸Ğ· Ğ±Ğ¸Ğ·Ğ³Ğ° ÑĞ±Ğ¾Ñ€Ğ¸Ğ½Ğ³: @Buxoroliklar_adminiĞ”Ğ°Ğ²Ğ»Ğ°Ñ‚ Ñ‚Ğ¾Ğ¼Ğ¾Ğ½Ğ¸Ğ´Ğ°Ğ½ Ğ±ĞµÑ€Ğ¸Ğ»Ğ³Ğ°Ğ½ ğŸ“„949237-ÑĞ¾Ğ½Ğ»Ğ¸ Ğ³ÑƒĞ²Ğ¾Ò³Ğ½,//static3.tgstat.ru/channels/_0/43/431c60f43c71aefc086aa0ab86355c96.jpg,https://t.me/Buxoroliklar_Buhoro_Bukhara,true,true,136696,4,62,5972,0,1120.0,"4",2022-11-12 19:23:58.182
cl8poyier1903i2e5zqbe5u8r,ê§ğŸ‘—FASONLARğŸ‘—ê§‚,"ğŸ§–â€â™€ #ĞœĞ°ĞºĞ¸ÑĞ¶
.
ğŸ‘° #ĞœĞ°Ğ½Ğ¸ĞºÑÑ€
.
ğŸ’‡â€â™€ #Ğ¡Ğ¾Ñ‡_Ğ¢ÑƒÑ€Ğ¼Ğ°ĞºĞ»Ğ°Ñ€Ğ¸
.
ğŸ‘— #ĞœĞ¸Ğ»ÑŒĞ¸Ğ¹_Ğ›Ğ¸Ğ±Ğ¾ÑĞ»Ğ°Ñ€_Ğ¤Ğ°ÑĞ¾Ğ½Ğ»Ğ°Ñ€
.
ğŸ‘¨â€ğŸ’»ğŸ“¢ @Reklama_Bu_Biznes âœ…",http://75.119.148.52/144d52c045be029e495fdd355695dbefb5636327.jpg,https://t.me/Fasonlar_Liboslar_Modalar_Koylak,true,true,136606,2,0,3140,0,0.0,"19",2022-11-12 19:23:58.182
cl8poyiez1915i2e5l1wz4l3v,Ğ‘Ğ¾Ğ·Ğ¾Ñ€ | Ğ‘ĞµĞ¿ÑƒĞ» ÑÑŠĞ»Ğ¾Ğ½Ğ»Ğ°Ñ€,Ğ­ÑŠĞ»Ğ¾Ğ½Ğ»Ğ°Ñ€Ğ¸Ğ½Ğ³Ğ¸Ğ·Ğ½Ğ¸ ğŸ‘‰ T.me/BozorUzbAdmin Ğ³Ğ° ÑĞ±Ğ¾Ñ€Ğ¸Ğ½Ğ³ĞÑÑĞ°Ğ»Ğ¾Ğ¼Ñƒ Ğ°Ğ»Ğ°Ğ¹ĞºÑƒĞ¼.Ğ‘Ğ¾Ğ·Ğ¾Ñ€ Ñ€Ğ°ÑĞ¼Ğ¸Ğ¹ ĞºĞ°Ğ½Ğ°Ğ»Ğ¸Ğ³Ğ° Ò³ÑƒÑˆ ĞºĞµĞ»Ğ¸Ğ±ÑĞ¸Ğ·.Ğ­ÑŠĞ»Ğ¾Ğ½ Ğ¶Ğ¾Ğ¹Ğ»Ğ°Ñˆ Ñ‚Ğ°Ñ€Ñ‚Ğ¸Ğ±Ğ¸@BozorShartlari  ğŸ‘ˆ Ğ±Ñƒ ĞµÑ€Ğ´Ğ°ğŸ“„ 0077779 - ÑĞ¾Ğ½Ğ»Ğ¸ Ğ³ÑƒĞ²Ğ¾Ñ…Ğ½Ğ¾Ğ¼Ğ° Ğ°ÑĞ¾ÑĞ¸Ğ´Ğ° Ñ„Ğ°Ğ¾Ğ»Ğ¸ÑÑ‚ ÑÑ€Ğ¸Ñ‚Ğ°Ğ¼Ğ¸Ğ·!,//static4.tgstat.ru/channels/_0/a1/a195bce20ae62282c680fb83dd59b4ca.jpg,https://t.me/BOZOR,true,true,135863,16,0,22088,0,0.0,"5",2022-11-12 19:23:58.182
cl8poyif81927i2e5lahu4yli,Hind Kinolar,Ğ­Ğ½Ğ³ ÑĞ½Ğ³Ğ¸ Ñ„Ğ¸Ğ»ÑŒĞ¼Ğ»Ğ°Ñ€ Ğ²Ğ° ÑĞµÑ€Ğ¸Ğ°Ğ»Ğ»Ğ°Ñ€ ĞĞ·Ğ±ĞµĞº Ñ‚Ğ¸Ğ»Ğ¸Ğ´Ğ° Ñ„Ğ°Ò›Ğ°Ñ‚ Ğ±Ğ¸Ğ·Ğ´Ğ°! ğŸ˜â˜ Ğ£Ğ½ÑƒÑ‚Ğ¼Ğ°Ğ½Ğ³! Ğ‘Ğ¸Ğ·Ğ½Ğ¸Ğ½Ğ³ ĞºĞ¸Ğ½Ğ¾Ğ»Ğ°Ñ€ FULL HD Ñ„Ğ¾Ñ€Ğ¼Ğ°Ñ‚Ğ´Ğ° ÑÒ›Ğ¾Ñ€Ğ¸ ÑĞ¸Ñ„Ğ°Ñ‚Ğ´Ğ° Ğ¾Ñ€Ğ¸Ğ³Ğ¸Ğ½Ğ°Ğ» ĞºĞµÑĞ¸Ğ»Ğ¼Ğ°Ğ³Ğ°Ğ½ ĞĞ·Ğ±ĞµĞº Ñ‚Ğ¸Ğ»Ğ¸Ğ´Ğ°!Murajat uchunğŸ”œ     @blatnoy_uzb717,//static10.tgstat.ru/channels/_0/f2/f2a13e0a8339d453c813937c37869a2f.jpg,https://t.me/erotik_hind_kinolar_Sekis_parno,true,true,134696,4,0,6046,0,533.33,"5",2022-11-12 19:23:58.182
